sex,age,eyes,piercings,pierced,tattoos,tattooed,glasses,sleep,study,tv,movies,movies3m,sport,entertainment,fruit,income,rent,clothes,hair,tobacco,smokes,alcohol,buy.alcohol,sendtxt,receivetxt,txts,country,status
male,22,brown,0,No,0,No,Yes,7,40,0,0,No,basketball,comp.vid.games,melon,198,120,20,15,0,No,0,No,10,10,Yes,China,NZ.Citizen
female,21,brown,2,Yes,0,No,Yes,8,12,12,1,Yes,none,craft,banana,200,95,100,50,0,No,10,Yes,10,10,Yes,NZ,NZ.Citizen
male,21,brown,0,No,0,No,No,7,2,5,3,Yes,golf,comp.vid.games,grapes,200,0,20,15,0,No,0,No,25,25,Yes,HK,NZ.Citizen
male,22,brown,0,No,0,No,No,7,2,21,5,Yes,basketball,comp.vid.games,grapes,155,100,50,15,0,No,0,No,20,20,Yes,NZ,NZ.Resident
female,20,brown,4,Yes,0,No,Yes,7,3,15,2,Yes,netball,parties,melon,250,200,50,20,0,No,10,Yes,5,5,Yes,NZ,NZ.Citizen
male,19,hazel,0,No,0,No,Yes,8,50,12,0,No,cricket,watch.sport,other,200,0,50,25,0,No,100,Yes,30,20,Yes,NZ,NZ.Citizen
male,20,brown,0,No,0,No,No,8,10,20,12,Yes,basketball,comp.vid.games,banana,300,100,150,15,0,No,5,Yes,40,40,Yes,China,NZ.Citizen
female,26,other,0,No,0,No,Yes,6,10,5,0,No,table.tennis,movies,melon,260,121,20,20,0,No,0,No,1,1,Yes,China,NZ.Resident
male,45,blue,0,No,1,Yes,No,6,10,16,1,Yes,cycling,watch.sport,banana,80,0,85,25,0,No,15,Yes,2,2,Yes,NZ,NZ.Citizen
male,18,brown,0,No,0,No,No,7,21,14,4,Yes,rugby.league,meet.friends,other,96,30,50,0,0,No,0,No,50,70,Yes,NZ,NZ.Citizen
male,25,brown,0,No,0,No,Yes,7,60,0,1,Yes,basketball,comp.vid.games,strawberry,152,0,0,0,0,No,0,No,0,0,No,Uzbekistan,NZ.Citizen
male,19,brown,0,No,0,No,Yes,6,20,5,15,Yes,table.tennis,parties,banana,286,0,150,50,0,No,0,No,10,10,Yes,Malaysia,NZ.Citizen
female,21,brown,3,Yes,0,No,Yes,8,5,10,1,Yes,other,surf.web,peach,120,0,100,35,0,No,0,No,50,50,Yes,SKorea,International
female,23,brown,0,No,0,No,Yes,8,3,2,0,No,basketball,meet.friends,melon,500,200,50,25,0,No,0,No,25,25,Yes,India,NZ.Resident
male,23,brown,0,No,0,No,Yes,7,20,5,4,Yes,other,surf.web,peach,150,0,30,20,0,No,0,No,5,5,Yes,NZ,NZ.Citizen
male,22,other,0,No,0,No,No,8,30,3,3,Yes,soccer,meet.friends,apple,160,0,200,25,0,No,20,Yes,50,50,Yes,SKorea,NZ.Resident
female,20,brown,2,Yes,0,No,No,7,15,10,6,Yes,badminton,meet.friends,other,100,0,200,100,0,No,0,No,20,25,Yes,HK,NZ.Citizen
female,27,brown,6,Yes,0,No,Yes,6,10,10,1,Yes,soccer,meet.friends,other,560,0,50,10,0,No,0,No,20,20,Yes,US,NZ.Resident
female,21,other,0,No,0,No,Yes,8,5,2,4,Yes,badminton,parties,apple,150,300,200,40,0,No,20,Yes,20,20,Yes,Taiwan,International
male,19,brown,0,No,0,No,Yes,6,5,16,6,Yes,badminton,comp.vid.games,apple,200,0,5,15,0,No,0,No,20,35,Yes,SriLanka,NZ.Resident
male,22,brown,3,Yes,1,Yes,Yes,8,8,6,0,No,rugby.union,surf.web,banana,0,200,100,12,11,Yes,20,Yes,10,12,Yes,Fiji,International
male,22,brown,0,No,0,No,Yes,6,18,0,4,Yes,tennis,meet.friends,apple,100,167,50,25,0,No,8,Yes,50,45,Yes,SKorea,International
male,21,brown,1,Yes,0,No,Yes,8,6,5,3,Yes,other,movies,melon,198,100,0,15,0,No,30,Yes,30,10,Yes,Burma,NZ.Citizen
male,21,brown,0,No,0,No,No,8,30,5,1,Yes,basketball,watch.sport,strawberry,180,0,10,40,0,No,20,Yes,2,2,Yes,NZ,NZ.Citizen
female,21,brown,8,Yes,0,No,Yes,9,4,10,20,Yes,badminton,live.mod.music,melon,130,0,20,20,0,No,20,Yes,10,10,Yes,SKorea,NZ.Resident
female,20,brown,2,Yes,0,No,No,9,35,30,0,No,badminton,movies,orange,120,0,400,50,0,No,0,No,5,10,Yes,NZ,NZ.Citizen
male,20,brown,0,No,0,No,Yes,8,3,15,4,Yes,rugby.union,meet.friends,banana,160,0,0,0,0,No,30,Yes,50,50,Yes,NZ,NZ.Citizen
female,18,brown,3,Yes,0,No,Yes,7,49,10,5,Yes,other,meet.friends,orange,60,0,0,50,0,No,0,No,50,70,Yes,China,NZ.Citizen
female,19,brown,3,Yes,0,No,Yes,6,40,10,9,Yes,athletics,parties,other,200,60,40,30,0,No,40,Yes,3,3,Yes,NZ,NZ.Citizen
female,20,blue,2,Yes,0,No,No,8,20,7,3,Yes,other,parties,strawberry,200,0,100,250,0,No,10,Yes,15,20,Yes,NZ,NZ.Resident
female,21,brown,3,Yes,0,No,Yes,9,20,0,6,Yes,badminton,surf.web,orange,0,210,20,0,0,No,0,No,7,7,Yes,China,International
female,32,other,0,No,0,No,Yes,7,20,10,2,Yes,athletics,surf.web,apple,100,0,100,25,0,No,0,No,1,1,Yes,China,NZ.Resident
male,26,hazel,2,Yes,0,No,Yes,8,14,6,3,Yes,basketball,watch.sport,other,600,170,50,25,0,No,5,Yes,15,15,Yes,China,NZ.Resident
female,19,brown,2,Yes,0,No,No,8,5,5,6,Yes,tennis,meet.friends,other,125,0,50,20,0,No,10,Yes,5,4,Yes,China,NZ.Citizen
female,21,brown,3,Yes,0,No,No,9,15,10,0,No,cycling,surf.web,kiwifruit,300,170,100,40,0,No,10,Yes,30,30,Yes,SKorea,International
male,26,other,0,No,0,No,Yes,9,10,10,1,Yes,basketball,other,melon,160,80,10,40,0,No,0,No,2,2,Yes,China,NZ.Resident
female,37,brown,0,No,0,No,Yes,8,8,16,3,Yes,tennis,read.books,melon,400,250,100,120,0,No,0,No,2,5,Yes,China,NZ.Citizen
female,20,brown,4,Yes,0,No,No,8,30,2,3,Yes,none,surf.web,other,160,0,100,80,0,No,0,No,100,100,Yes,Philippines,NZ.Citizen
female,25,brown,2,Yes,0,No,Yes,10,15,0,0,No,none,comp.vid.games,strawberry,350,250,50,30,0,No,0,No,2,2,Yes,SKorea,International
female,24,brown,2,Yes,0,No,Yes,8,14,8,4,Yes,none,meet.friends,grapes,400,150,80,40,0,No,0,No,20,10,Yes,Indonesia,NZ.Resident
female,19,brown,10,Yes,3,Yes,No,7,15,14,4,Yes,rugby.league,parties,other,400,50,200,22,50,Yes,80,Yes,127,127,Yes,NZ,NZ.Citizen
male,28,blue,0,No,0,No,No,6,20,5,3,Yes,martial.arts,other,banana,240,80,10,20,0,No,2,Yes,5,5,Yes,NZ,NZ.Resident
male,20,blue,0,No,0,No,No,8,14,14,4,Yes,rugby.union,meet.friends,other,90,20,50,0,0,No,0,No,35,35,Yes,SAfrica,NZ.Citizen
female,21,hazel,2,Yes,0,No,No,9,7,2,2,Yes,other,comp.vid.games,strawberry,210,120,100,30,0,No,5,Yes,20,25,Yes,China,NZ.Resident
male,18,other,1,Yes,0,No,No,8,0,2,3,Yes,soccer,comp.vid.games,banana,200,0,100,25,0,No,0,No,3,5,Yes,SKorea,NZ.Resident
male,21,blue,1,Yes,5,Yes,No,8,10,4,8,Yes,martial.arts,parties,raspberry,300,200,0,0,0,No,30,Yes,50,80,Yes,Russia,NZ.Citizen
female,23,other,2,Yes,0,No,No,7,3,3,2,Yes,badminton,meet.friends,grapes,4000,500,150,40,0,No,0,No,20,5,Yes,China,International
male,25,brown,0,No,0,No,Yes,9,28,14,3,Yes,basketball,meet.friends,blueberry,200,140,30,20,0,No,7,Yes,5,3,Yes,China,NZ.Resident
male,22,other,0,No,0,No,Yes,7,30,2,3,Yes,badminton,meet.friends,melon,130,0,30,0,0,No,5,Yes,20,20,Yes,HK,NZ.Citizen
male,23,hazel,1,Yes,0,No,No,7,20,2,2,Yes,none,comp.vid.games,strawberry,310,155,50,50,0,No,10,Yes,20,20,Yes,NZ,NZ.Citizen
female,38,blue,4,Yes,0,No,Yes,7,25,6,4,Yes,netball,meet.friends,grapes,220,70,30,35,0,No,10,Yes,10,10,Yes,NZ,NZ.Citizen
female,22,brown,0,No,0,No,Yes,7,5,15,2,Yes,badminton,movies,orange,150,0,50,20,0,No,0,No,5,5,Yes,Fiji,NZ.Citizen
female,19,brown,2,Yes,0,No,Yes,8,10,8,2,Yes,soccer,read.books,other,250,0,50,10,0,No,0,No,15,10,Yes,India,NZ.Citizen
female,26,other,2,Yes,0,No,Yes,8,20,10,3,Yes,table.tennis,other,apple,250,250,0,15,0,No,0,No,5,5,Yes,China,NZ.Resident
male,21,green,1,Yes,0,No,Yes,7,3,10,5,Yes,other,read.books,melon,250,0,200,50,0,No,0,No,30,30,Yes,NZ,NZ.Citizen
female,19,brown,2,Yes,0,No,Yes,8,25,15,0,No,rugby.union,meet.friends,banana,125,140,100,120,0,No,10,Yes,5,5,Yes,NZ,NZ.Citizen
male,23,hazel,0,No,0,No,Yes,8,30,5,0,No,basketball,read.books,strawberry,800,140,0,10,0,No,0,No,20,15,Yes,China,International
male,21,brown,0,No,0,No,No,8,8,10,6,Yes,basketball,surf.web,grapes,0,0,50,12,0,No,0,No,10,10,Yes,China,NZ.Resident
male,19,brown,0,No,0,No,Yes,5,10,9,1,Yes,hockey,parties,raspberry,120,0,300,35,0,No,40,Yes,127,127,Yes,NZ,NZ.Citizen
female,19,blue,2,Yes,0,No,Yes,7,40,5,6,Yes,other,meet.friends,orange,210,145,10,200,0,No,0,No,0,0,No,NZ,NZ.Citizen
female,20,brown,2,Yes,0,No,No,8,20,0,2,Yes,badminton,other,strawberry,180,60,0,0,0,No,0,No,20,15,Yes,China,NZ.Citizen
female,22,brown,3,Yes,0,No,No,7,10,14,0,No,badminton,meet.friends,other,166,0,20,0,0,No,0,No,10,10,Yes,China,NZ.Resident
male,30,green,0,No,0,No,No,8,30,20,3,Yes,athletics,read.books,other,500,0,100,15,0,No,0,No,10,10,Yes,Russia,NZ.Resident
female,23,brown,0,No,0,No,Yes,8,12,1,7,Yes,soccer,meet.friends,other,350,100,200,40,0,No,6,Yes,15,15,Yes,China,International
female,18,brown,2,Yes,0,No,No,7,21,56,1,Yes,cricket,meet.friends,banana,127,0,0,0,0,No,0,No,30,30,Yes,NZ,NZ.Citizen
male,22,blue,0,No,0,No,No,8,25,14,0,No,soccer,live.mod.music,strawberry,145,0,0,30,0,No,30,Yes,10,10,Yes,NZ,NZ.Citizen
female,18,brown,0,No,0,No,Yes,9,15,2,3,Yes,hockey,meet.friends,peach,150,0,25,25,0,No,0,No,1,1,Yes,China,NZ.Citizen
male,25,brown,1,Yes,0,No,Yes,7,6,6,2,Yes,soccer,meet.friends,grapes,600,120,100,45,0,No,60,Yes,20,20,Yes,Japan,NZ.Resident
male,25,blue,0,No,0,No,No,8,10,2,0,No,other,live.mod.music,strawberry,400,170,200,30,0,No,80,Yes,4,4,Yes,NZ,NZ.Citizen
male,21,brown,0,No,0,No,No,8,20,1,4,Yes,badminton,meet.friends,grapes,1500,0,200,25,0,No,0,No,20,30,Yes,China,NZ.Resident
female,21,hazel,0,No,0,No,No,8,10,1,3,Yes,other,live.mod.music,strawberry,100,0,20,20,0,No,0,No,20,20,Yes,China,NZ.Resident
female,26,other,3,Yes,0,No,No,7,0,15,2,Yes,other,meet.friends,other,750,160,100,200,0,No,50,Yes,2,3,Yes,NZ,NZ.Citizen
female,27,hazel,0,No,0,No,Yes,7,18,3,3,Yes,other,meet.friends,melon,160,100,200,20,0,No,20,Yes,20,20,Yes,China,NZ.Resident
male,22,brown,0,No,0,No,Yes,7,20,6,2,Yes,soccer,surf.web,orange,200,0,100,40,0,No,0,No,20,20,Yes,Taiwan,NZ.Citizen
female,27,brown,0,No,0,No,Yes,7,15,2,4,Yes,badminton,meet.friends,strawberry,450,250,50,50,0,No,0,No,20,30,Yes,Taiwan,International
female,24,brown,2,Yes,0,No,Yes,8,12,2,3,Yes,none,meet.friends,melon,200,0,500,55,12,Yes,0,No,20,20,Yes,HK,International
male,21,brown,0,No,0,No,Yes,7,10,4,4,Yes,basketball,other,apple,72,0,200,12,0,No,0,No,100,100,Yes,Taiwan,NZ.Citizen
male,19,other,0,No,0,No,No,8,2,0,10,Yes,soccer,comp.vid.games,orange,160,80,100,10,0,No,15,Yes,40,40,Yes,SKorea,NZ.Citizen
female,21,brown,2,Yes,0,No,No,6,15,2,1,Yes,rugby.union,other,orange,150,100,20,0,0,No,0,No,50,50,Yes,NZ,NZ.Citizen
male,44,blue,0,No,0,No,No,8,35,2,0,No,athletics,movies,grapes,20,0,80,20,0,No,10,Yes,0,0,No,NZ,NZ.Citizen
male,25,brown,0,No,0,No,No,6,5,1,7,Yes,badminton,comp.vid.games,apple,150,0,20,15,0,No,10,Yes,40,40,Yes,HK,NZ.Resident
female,22,brown,4,Yes,0,No,Yes,7,15,20,3,Yes,badminton,comp.vid.games,orange,150,0,50,20,0,No,0,No,50,50,Yes,China,NZ.Resident
female,21,brown,2,Yes,0,No,No,6,15,15,5,Yes,badminton,surf.web,raspberry,150,0,150,25,0,No,0,No,10,15,Yes,India,NZ.Resident
female,21,brown,2,Yes,0,No,Yes,8,8,2,3,Yes,other,meet.friends,orange,300,230,40,35,0,No,10,Yes,5,3,Yes,China,International
female,21,brown,3,Yes,0,No,Yes,8,3,5,3,Yes,basketball,meet.friends,peach,200,200,50,30,0,No,0,No,20,20,Yes,SKorea,International
male,21,blue,0,No,0,No,Yes,7,21,6,20,Yes,golf,movies,apple,1000,240,160,20,0,No,100,Yes,50,70,Yes,SKorea,International
male,21,brown,0,No,0,No,No,8,20,8,2,Yes,basketball,movies,grapes,80,40,0,25,0,No,0,No,25,30,Yes,SKorea,NZ.Citizen
female,22,brown,2,Yes,0,No,Yes,9,15,7,2,Yes,soccer,surf.web,blueberry,280,40,50,33,0,No,5,Yes,20,20,Yes,SKorea,NZ.Citizen
male,19,other,0,No,0,No,Yes,8,7,0,4,Yes,basketball,comp.vid.games,peach,140,80,100,25,0,No,0,No,10,10,Yes,NZ,NZ.Citizen
male,26,brown,0,No,0,No,No,7,50,2,5,Yes,basketball,watch.sport,melon,600,100,500,25,50,Yes,20,Yes,20,20,Yes,China,NZ.Resident
male,18,brown,0,No,0,No,Yes,9,10,2,1,Yes,netball,meet.friends,melon,180,0,100,35,0,No,0,No,100,120,Yes,NZ,NZ.Citizen
male,21,brown,0,No,0,No,Yes,5,1,0,0,No,basketball,comp.vid.games,grapes,200,43,0,25,0,No,20,Yes,10,10,Yes,Malaysia,International
female,26,brown,3,Yes,0,No,No,6,15,3,10,Yes,other,meet.friends,melon,400,150,200,80,5,Yes,10,Yes,60,40,Yes,Philippines,NZ.Citizen
female,19,brown,2,Yes,0,No,Yes,11,2,2,10,Yes,other,surf.web,other,300,180,200,25,0,No,10,Yes,20,20,Yes,China,NZ.Resident
male,20,brown,0,No,0,No,Yes,7,20,7,6,Yes,soccer,watch.sport,orange,126,0,0,12,0,No,0,No,10,10,Yes,HK,NZ.Citizen
male,19,brown,0,No,0,No,Yes,8,10,0,0,No,badminton,comp.vid.games,peach,0,100,50,40,0,No,0,No,50,100,Yes,China,NZ.Citizen
male,27,green,0,No,0,No,Yes,9,1,2,2,Yes,cricket,live.mod.music,other,800,120,20,70,0,No,30,Yes,10,10,Yes,NZ,NZ.Citizen
male,21,other,2,Yes,0,No,Yes,8,25,5,11,Yes,soccer,watch.sport,strawberry,200,0,10,25,0,No,10,Yes,50,50,Yes,SKorea,NZ.Resident
female,20,brown,6,Yes,0,No,Yes,8,12,5,5,Yes,soccer,meet.friends,melon,160,0,30,30,0,No,0,No,15,15,Yes,SriLanka,NZ.Citizen
male,21,brown,0,No,0,No,No,9,63,21,1,Yes,hockey,meet.friends,banana,370,0,200,25,0,No,40,Yes,90,90,Yes,NZ,NZ.Citizen
female,21,brown,6,Yes,0,No,Yes,8,20,10,12,Yes,badminton,other,melon,120,0,150,35,0,No,0,No,10,10,Yes,Cambodia,NZ.Citizen
female,30,brown,2,Yes,0,No,Yes,9,12,1,0,No,none,comp.vid.games,blueberry,160,280,0,25,0,No,0,No,1,1,Yes,NZ,NZ.Citizen
male,19,brown,1,Yes,1,Yes,Yes,10,14,7,15,Yes,other,movies,other,470,270,0,30,14,Yes,20,Yes,5,10,Yes,SKorea,NZ.Citizen
male,23,brown,0,No,0,No,Yes,8,20,5,10,Yes,basketball,comp.vid.games,grapes,200,80,20,10,0,No,0,No,52,48,Yes,China,NZ.Citizen
male,21,hazel,0,No,0,No,No,8,60,3,4,Yes,other,meet.friends,other,250,110,20,25,0,No,20,Yes,15,15,Yes,NZ,NZ.Citizen
female,26,brown,2,Yes,0,No,Yes,10,3,5,2,Yes,softball,comp.vid.games,apple,500,0,100,0,0,No,100,Yes,10,10,Yes,China,NZ.Resident
female,21,brown,0,No,0,No,Yes,8,8,4,1,Yes,badminton,movies,peach,300,0,500,40,0,No,0,No,30,30,Yes,Taiwan,NZ.Resident
female,24,brown,5,Yes,0,No,No,5,5,10,3,Yes,other,movies,other,210,120,5,0,5,Yes,20,Yes,20,20,Yes,NZ,NZ.Citizen
male,21,brown,0,No,0,No,No,5,15,2,2,Yes,none,meet.friends,blueberry,150,0,50,50,0,No,20,Yes,15,15,Yes,NZ,NZ.Citizen
male,27,hazel,0,No,0,No,Yes,7,40,0,1,Yes,soccer,watch.sport,strawberry,200,150,10,10,5,Yes,10,Yes,20,20,Yes,China,NZ.Resident
male,29,brown,0,No,0,No,No,6,20,1,1,Yes,basketball,surf.web,melon,120,105,30,10,0,No,8,Yes,3,3,Yes,China,International
female,28,brown,0,No,0,No,No,9,5,0,2,Yes,other,meet.friends,other,365,0,100,50,0,No,30,Yes,2,2,Yes,SKorea,NZ.Citizen
female,21,brown,3,Yes,0,No,No,7,15,15,7,Yes,rugby.union,meet.friends,orange,370,0,200,100,0,No,50,Yes,20,30,Yes,NZ,NZ.Citizen
male,25,other,0,No,0,No,No,7,10,20,3,Yes,soccer,comp.vid.games,melon,1000,0,200,20,30,Yes,100,Yes,10,20,Yes,China,NZ.Resident
female,20,brown,2,Yes,0,No,Yes,9,15,13,9,Yes,rugby.union,meet.friends,apple,200,0,100,25,0,No,0,No,100,100,Yes,NZ,NZ.Citizen
female,21,other,3,Yes,0,No,No,6,3,2,2,Yes,other,movies,kiwifruit,127,0,100,25,0,No,0,No,10,20,Yes,SKorea,NZ.Resident
male,20,brown,2,Yes,0,No,No,9,4,4,2,Yes,soccer,watch.sport,strawberry,192,0,0,15,0,No,25,Yes,2,5,Yes,SKorea,NZ.Citizen
male,26,brown,0,No,0,No,Yes,8,1,1,0,No,other,comp.vid.games,strawberry,150,0,100,25,60,Yes,100,Yes,20,20,Yes,SKorea,NZ.Resident
female,20,brown,2,Yes,0,No,Yes,8,13,16,1,Yes,netball,craft,grapes,100,0,40,25,0,No,0,No,15,20,Yes,NZ,NZ.Citizen
female,20,brown,3,Yes,0,No,Yes,7,28,7,6,Yes,other,parties,other,190,90,100,15,0,No,0,No,127,127,Yes,SKorea,NZ.Citizen
female,21,brown,1,Yes,0,No,Yes,5,10,0,4,Yes,none,movies,grapes,270,100,50,60,0,No,0,No,20,20,Yes,China,NZ.Resident
male,21,blue,0,No,1,Yes,No,8,4,4,6,Yes,other,comp.vid.games,banana,0,50,50,20,0,No,20,Yes,5,5,Yes,NZ,NZ.Citizen
female,23,other,2,Yes,0,No,Yes,6,20,3,1,Yes,badminton,ballet,apple,200,290,50,20,0,No,0,No,20,25,Yes,Bolivia,NZ.Citizen
male,21,brown,0,No,0,No,Yes,7,7,14,5,Yes,tennis,comp.vid.games,strawberry,160,150,200,16,0,No,5,Yes,50,20,Yes,China,NZ.Resident
female,20,brown,2,Yes,0,No,Yes,6,20,20,2,Yes,golf,meet.friends,strawberry,200,0,100,30,0,No,10,Yes,20,20,Yes,SKorea,NZ.Citizen
female,32,brown,3,Yes,0,No,No,10,60,7,1,Yes,none,movies,other,160,100,20,45,0,No,0,No,30,30,Yes,China,NZ.Resident
male,20,other,0,No,0,No,No,8,2,5,4,Yes,none,other,apple,150,0,10,15,0,No,1,Yes,10,10,Yes,Malaysia,NZ.Resident
male,19,brown,0,No,0,No,Yes,8,12,20,3,Yes,table.tennis,other,melon,100,80,50,25,0,No,30,Yes,25,25,Yes,SKorea,NZ.Resident
female,23,brown,7,Yes,3,Yes,Yes,5,2,0,1,Yes,hockey,parties,peach,350,0,300,86,0,No,10,Yes,50,50,Yes,Fiji,NZ.Citizen
female,22,other,2,Yes,0,No,Yes,8,10,0,3,Yes,other,meet.friends,none,150,175,40,30,0,No,20,Yes,20,20,Yes,HK,International
male,21,hazel,0,No,0,No,Yes,7,15,10,2,Yes,soccer,movies,melon,150,0,20,20,0,No,0,No,15,15,Yes,Iraq,NZ.Citizen
female,21,brown,2,Yes,0,No,Yes,8,8,10,3,Yes,basketball,other,strawberry,200,0,200,20,0,No,0,No,10,10,Yes,NZ,NZ.Citizen
female,20,brown,2,Yes,0,No,Yes,7,7,3,3,Yes,other,read.books,strawberry,155,100,0,40,0,No,0,No,5,5,Yes,SKorea,NZ.Citizen
male,21,brown,0,No,0,No,Yes,10,10,5,5,Yes,basketball,meet.friends,blueberry,300,0,150,20,0,No,20,Yes,50,50,Yes,HK,NZ.Citizen
female,24,brown,2,Yes,1,Yes,No,7,7,4,0,No,rugby.union,other,other,150,100,50,0,0,No,0,No,60,70,Yes,Tonga,NZ.Resident
male,27,brown,1,Yes,0,No,No,7,10,2,2,Yes,rugby.union,meet.friends,grapes,300,100,0,10,40,Yes,40,Yes,50,50,Yes,Malaysia,NZ.Resident
female,21,brown,11,Yes,0,No,Yes,8,15,10,1,Yes,hockey,meet.friends,orange,395,0,100,25,0,No,0,No,100,100,Yes,NZ,NZ.Citizen
female,20,other,0,No,0,No,Yes,9,15,5,3,Yes,sailing,meet.friends,raspberry,300,160,50,15,0,No,5,Yes,10,5,Yes,China,International
male,20,brown,0,No,0,No,Yes,7,8,4,3,Yes,basketball,other,grapes,400,0,100,20,0,No,0,No,50,40,Yes,China,NZ.Resident
female,20,brown,3,Yes,0,No,Yes,7,20,20,10,Yes,netball,meet.friends,peach,336,0,120,0,0,No,0,No,50,50,Yes,NZ,NZ.Citizen
female,20,brown,2,Yes,0,No,No,9,10,6,1,Yes,hockey,meet.friends,apple,250,0,300,40,0,No,20,Yes,30,35,Yes,NZ,NZ.Citizen
male,21,brown,1,Yes,0,No,Yes,9,6,12,6,Yes,rugby.league,comp.vid.games,melon,100,0,50,20,0,No,20,Yes,40,30,Yes,India,NZ.Citizen
male,24,brown,0,No,0,No,No,8,6,0,18,Yes,none,movies,strawberry,300,300,0,25,0,No,0,No,127,100,Yes,China,NZ.Resident
female,22,brown,2,Yes,1,Yes,No,6,8,2,4,Yes,soccer,meet.friends,peach,300,100,80,25,25,Yes,20,Yes,7,7,Yes,Bangladesh,NZ.Citizen
female,21,blue,2,Yes,0,No,Yes,8,20,1,2,Yes,basketball,read.books,apple,160,150,80,0,10,Yes,25,Yes,30,30,Yes,NZ,NZ.Citizen
male,23,brown,0,No,0,No,Yes,8,7,0,3,Yes,table.tennis,comp.vid.games,melon,220,170,10,25,0,No,0,No,20,20,Yes,China,NZ.Citizen
female,22,other,3,Yes,0,No,Yes,8,20,5,4,Yes,none,orchestra,strawberry,240,0,200,30,0,No,0,No,3,2,Yes,China,International
male,22,brown,1,Yes,0,No,Yes,8,16,5,3,Yes,basketball,comp.vid.games,apple,210,300,1000,40,0,No,0,No,2,2,Yes,China,International
female,28,brown,0,No,0,No,Yes,6,40,10,0,No,basketball,movies,kiwifruit,0,85,0,15,0,No,0,No,1,1,Yes,China,International
female,23,blue,0,No,0,No,Yes,8,55,5,2,Yes,soccer,craft.activities,melon,400,200,100,100,0,No,25,Yes,3,3,Yes,Norway,International
female,21,brown,0,No,0,No,No,5,20,15,2,Yes,badminton,parties,other,300,200,100,0,0,No,0,No,5,4,Yes,Malaysia,International
female,24,hazel,0,No,0,No,Yes,8,8,4,0,No,badminton,surf.web,apple,200,120,200,35,0,No,0,No,10,5,Yes,China,International
female,21,brown,3,Yes,0,No,Yes,9,26,8,3,Yes,none,parties,grapes,400,0,1000,60,0,No,10,Yes,8,5,Yes,China,International
male,20,brown,0,No,0,No,No,6,10,1,1,Yes,rugby.union,watch.sport,grapes,200,280,100,40,0,No,20,Yes,5,5,Yes,Japan,International
female,20,brown,2,Yes,0,No,Yes,9,7,14,5,Yes,none,movies,strawberry,50,280,0,15,0,No,0,No,5,5,Yes,S.Korea,International
female,22,other,1,Yes,0,No,Yes,6,18,10,2,Yes,none,surf.web,orange,315,113,100,0,0,No,0,No,5,5,Yes,Malaysia,International
female,22,blue,0,No,0,No,No,8,60,3,3,Yes,basketball,meet.friends,kiwifruit,530,180,500,50,0,No,20,Yes,5,5,Yes,Norway,International
female,20,brown,2,Yes,0,No,Yes,7,30,2,0,No,sailing,meet.friends,orange,450,300,50,0,0,No,0,No,15,10,Yes,Bahrain,International
female,19,other,4,Yes,0,No,No,10,20,15,10,Yes,tennis,surf.web,other,500,300,200,40,0,No,0,No,10,10,Yes,China,International
male,23,hazel,2,Yes,1,Yes,Yes,7,20,3,8,Yes,basketball,meet.friends,apple,160,150,100,25,0,No,15,Yes,10,10,Yes,China,International
female,22,brown,0,No,0,No,Yes,8,25,0,7,Yes,sailing,meet.friends,grapes,400,175,50,55,0,No,5,Yes,10,10,Yes,China,International
female,21,brown,0,No,0,No,Yes,8,20,5,6,Yes,badminton,parties,orange,200,160,50,30,0,No,0,No,10,10,Yes,Fiji,International
female,21,other,3,Yes,0,No,No,8,8,2,3,Yes,other,comp.vid.games,banana,700,500,1000,60,0,No,40,Yes,10,10,Yes,HK,International
male,20,other,0,No,0,No,Yes,8,4,1,1,Yes,other,meet.friends,banana,230,180,50,35,0,No,0,No,10,10,Yes,Japan,International
male,25,other,0,No,0,No,Yes,7,10,0,5,Yes,soccer,comp.vid.games,orange,250,240,20,25,0,No,0,No,10,10,Yes,S.Korea,International
female,22,brown,2,Yes,0,No,Yes,7,21,14,2,Yes,golf,surf.web,apple,70,400,50,150,0,No,50,Yes,10,10,Yes,S.Korea,International
male,22,other,0,No,0,No,Yes,7,60,0,1,Yes,other,other,peach,150,75,0,12,0,No,0,No,10,10,Yes,S.Korea,International
female,21,brown,0,No,0,No,No,7,15,5,0,No,netball,other,banana,300,120,100,0,0,No,0,No,10,10,Yes,Malaysia,International
male,26,blue,0,No,1,Yes,No,7,25,7,4,Yes,other,other,banana,1500,190,300,100,0,No,30,Yes,8,10,Yes,Norway,International
female,21,brown,7,Yes,2,Yes,Yes,8,18,3,0,No,soccer,meet.friends,banana,140,140,25,20,0,No,15,Yes,15,12,Yes,US,International
male,21,hazel,0,No,0,No,Yes,7,25,3,5,Yes,soccer,craft.activities,melon,300,300,90,20,0,No,10,Yes,20,15,Yes,China,International
female,21,other,2,Yes,0,No,No,7,20,10,3,Yes,other,meet.friends,grapes,300,150,100,50,0,No,0,No,15,15,Yes,Malaysia,International
female,22,other,0,No,0,No,Yes,6,21,4,0,No,none,meet.friends,raspberry,400,112,10,5,0,No,0,No,15,15,Yes,Malaysia,International
female,20,brown,2,Yes,0,No,No,8,30,3,1,Yes,cycling,meet.friends,strawberry,400,250,50,20,0,No,0,No,50,20,Yes,Bahrain,International
female,20,brown,2,Yes,0,No,Yes,8,5,10,3,Yes,none,comp.vid.games,melon,50,0,20,20,0,No,0,No,20,20,Yes,China,International
female,20,brown,2,Yes,0,No,Yes,7,2,1,1,Yes,basketball,movies,other,0,34,50,300,0,No,0,No,20,20,Yes,China,International
female,24,brown,2,Yes,0,No,No,8,6,6,3,Yes,golf,meet.friends,strawberry,70,0,40,30,0,No,0,No,20,20,Yes,S.Korea,International
female,22,brown,0,No,0,No,Yes,7,15,2,3,Yes,cycling,surf.web,banana,300,120,100,0,0,No,0,No,10,20,Yes,Malaysia,International
female,25,brown,1,Yes,0,No,No,7,70,7,2,Yes,athletics,meet.friends,kiwifruit,375,185,50,100,0,No,6,Yes,20,20,Yes,Norway,International
female,20,brown,4,Yes,0,No,Yes,8,25,10,5,Yes,badminton,movies,apple,180,150,300,25,0,No,0,No,20,22,Yes,China,International
female,19,brown,0,No,0,No,No,7,20,20,5,Yes,basketball,movies,grapes,100,0,0,15,0,No,0,No,25,25,Yes,China,International
male,22,brown,0,No,0,No,Yes,7,22,1,6,Yes,table.tennis,meet.friends,banana,700,290,50,15,0,No,0,No,20,25,Yes,Saudi.Arabia,International
female,24,other,0,No,0,No,Yes,8,15,20,5,Yes,other,surf.web,orange,200,250,100,45,0,No,0,No,20,30,Yes,China,International
female,23,brown,0,No,0,No,Yes,7,40,7,3,Yes,badminton,meet.friends,banana,160,200,100,0,0,No,0,No,30,30,Yes,China,International
female,22,hazel,0,No,0,No,No,6,42,2,6,Yes,tennis,comp.vid.games,other,200,170,150,60,0,No,10,Yes,30,45,Yes,China,International
male,22,other,0,No,0,No,Yes,7,6,1,10,Yes,tennis,meet.friends,apple,500,150,200,40,0,No,50,Yes,50,50,Yes,China,International
male,20,brown,0,No,0,No,Yes,7,3,2,2,Yes,badminton,movies,grapes,300,200,50,20,0,No,0,No,50,50,Yes,HK,International
female,22,brown,5,Yes,0,No,Yes,9,15,10,5,Yes,other,movies,orange,100,0,50,30,0,No,5,Yes,50,50,Yes,S.Korea,International
female,20,other,2,Yes,0,No,No,6,10,5,5,Yes,other,movies,apple,1000,550,300,35,0,No,50,Yes,50,50,Yes,S.Korea,International
male,24,brown,0,No,0,No,Yes,5,2,2,10,Yes,soccer,movies,kiwifruit,200,100,50,10,5,Yes,5,Yes,30,50,Yes,Malaysia,International
female,22,other,0,No,0,No,No,8,35,12,1,Yes,basketball,meet.friends,blueberry,230,180,200,50,0,No,0,No,50,55,Yes,China,International
female,21,brown,0,No,0,No,Yes,7,25,3,5,Yes,other,meet.friends,apple,500,250,200,15,0,No,0,No,70,55,Yes,Syria,International
male,19,green,0,No,0,No,Yes,10,2,0,10,Yes,basketball,comp.vid.games,melon,50,350,20,20,0,No,0,No,50,60,Yes,Taiwan,International
female,19,brown,2,Yes,0,No,No,8,30,5,10,Yes,golf,movies,grapes,350,190,400,80,0,No,0,No,80,80,Yes,China,International
male,19,other,0,No,0,No,Yes,7,5,2,2,Yes,soccer,watch.sport,strawberry,500,800,200,25,0,No,0,No,100,80,Yes,HK,International
female,19,brown,2,Yes,0,No,Yes,6,6,6,4,Yes,badminton,surf.web,grapes,0,15,30,20,0,No,0,No,100,100,Yes,HK,International
female,20,brown,2,Yes,0,No,Yes,8,35,35,0,No,hockey,movies,orange,0,0,200,15,0,No,0,No,0,0,No,HK,NZ.Citizen
male,22,brown,0,No,0,No,Yes,8,10,1,0,No,none,surf.web,banana,160,0,0,15,0,No,0,No,0,0,No,New Zealand,NZ.Citizen
male,19,brown,1,Yes,1,Yes,No,6,2,10,2,Yes,rugby.league,meet.friends,strawberry,160,0,0,0,0,No,0,No,0,0,No,New Zealand,NZ.Citizen
male,20,brown,0,No,0,No,No,8,0,5,3,Yes,other,watch.sport,strawberry,190,0,0,10,0,No,0,No,0,0,No,NZ,NZ.Citizen
female,30,brown,2,Yes,0,No,Yes,9,18,2,1,Yes,none,comp.vid.games,blueberry,160,280,0,30,0,No,0,No,1,1,Yes,NZ,NZ.Citizen
female,20,blue,2,Yes,0,No,No,7,15,0,2,Yes,other,comp.vid.games,melon,160,125,10,0,0,No,0,No,1,1,Yes,NZ,NZ.Citizen
male,19,brown,0,No,0,No,Yes,6,6,20,0,No,tennis,comp.vid.games,apple,160,0,0,30,0,No,0,No,1,1,Yes,NZ,NZ.Citizen
male,18,blue,0,No,0,No,Yes,8,0,7,0,No,soccer,watch.sport,apple,350,0,10,10,0,No,5,Yes,1,1,Yes,NZ,NZ.Citizen
male,18,brown,0,No,0,No,Yes,7,45,8,1,Yes,other,surf.web,apple,50,0,100,20,0,No,10,Yes,1,1,Yes,NZ,NZ.Citizen
male,19,brown,0,No,0,No,No,7,4,0,2,Yes,badminton,comp.vid.games,apple,0,0,0,10,0,No,0,No,1,1,Yes,NZ,NZ.Citizen
male,59,blue,0,No,0,No,Yes,7,30,5,3,Yes,cycling,other,other,0,0,0,15,0,No,0,No,1,1,Yes,NZ,NZ.Citizen
male,20,blue,0,No,0,No,No,9,8,28,12,Yes,soccer,opera,other,19000,0,1000,25,0,No,0,No,20,1,Yes,Yugoslavia,NZ.Citizen
female,19,brown,0,No,0,No,Yes,7,20,14,0,No,none,read.books,apple,140,0,10,25,0,No,0,No,1,2,Yes,NZ,NZ.Citizen
female,19,brown,2,Yes,0,No,No,8,45,30,4,Yes,other,ballet,banana,40,0,10,20,0,No,0,No,2,2,Yes,NZ,NZ.Citizen
female,22,brown,2,Yes,0,No,Yes,7,11,5,0,No,basketball,read.books,banana,80,65,20,0,0,No,0,No,2,2,Yes,NZ,NZ.Citizen
female,21,blue,2,Yes,0,No,No,9,40,10,2,Yes,sailing,meet.friends,strawberry,163,115,5,20,0,No,5,Yes,4,3,Yes,Australia,NZ.Citizen
female,19,brown,2,Yes,0,No,Yes,7,25,5,3,Yes,martial.arts,meet.friends,grapes,400,100,50,30,0,No,0,No,3,3,Yes,SAfrica,NZ.Citizen
male,25,brown,0,No,0,No,Yes,9,5,0,0,No,none,surf.web,grapes,0,300,300,40,0,No,0,No,1,4,Yes,China,NZ.Citizen
male,20,brown,1,Yes,0,No,No,8,10,2,0,No,basketball,parties,melon,300,200,100,40,30,Yes,50,Yes,5,5,Yes,China,NZ.Citizen
female,19,brown,2,Yes,0,No,No,7,20,10,5,Yes,cricket,craft.activities,melon,20,0,10,20,0,No,0,No,5,5,Yes,China,NZ.Citizen
male,21,brown,0,No,0,No,Yes,8,8,0,3,Yes,soccer,meet.friends,melon,90,180,10,15,0,No,0,No,5,5,Yes,China,NZ.Citizen
male,20,brown,0,No,0,No,Yes,5,5,0,1,Yes,basketball,comp.vid.games,banana,560,200,0,10,20,Yes,30,Yes,5,5,Yes,HK,NZ.Citizen
male,21,other,0,No,0,No,No,8,5,30,1,Yes,table.tennis,comp.vid.games,strawberry,200,20,50,20,0,No,0,No,5,5,Yes,NZ,NZ.Citizen
male,18,hazel,0,No,0,No,No,7,6,2,4,Yes,cricket,surf.web,orange,200,50,20,0,0,No,2,Yes,5,5,Yes,NZ,NZ.Citizen
male,19,brown,0,No,0,No,Yes,9,9,10,1,Yes,tennis,comp.vid.games,other,150,0,20,18,0,No,0,No,5,5,Yes,NZ,NZ.Citizen
male,21,green,0,No,0,No,No,8,8,5,0,No,other,other,melon,300,100,100,0,0,No,20,Yes,5,5,Yes,NZ,NZ.Citizen
male,19,brown,0,No,0,No,No,6,0,8,7,Yes,martial.arts,movies,other,190,0,0,10,0,No,20,Yes,5,5,Yes,NZ,NZ.Citizen
male,21,brown,0,No,0,No,Yes,6,0,2,2,Yes,other,comp.vid.games,strawberry,320,0,10,20,0,No,0,No,5,5,Yes,NZ,NZ.Citizen
male,19,hazel,0,No,0,No,Yes,9,7,0,2,Yes,basketball,watch.sport,apple,280,178,30,25,0,No,15,Yes,7,5,Yes,NZ,NZ.Citizen
male,20,brown,0,No,0,No,Yes,9,4,15,0,No,other,comp.vid.games,melon,120,0,0,15,0,No,0,No,5,5,Yes,Taiwan,NZ.Citizen
male,22,brown,3,Yes,0,No,Yes,7,10,2,1,Yes,other,meet.friends,other,198,120,50,30,0,No,5,Yes,10,6,Yes,China,NZ.Citizen
male,20,brown,1,Yes,0,No,Yes,8,6,12,0,No,golf,comp.vid.games,orange,180,0,0,40,0,No,0,No,10,6,Yes,Taiwan,NZ.Citizen
male,24,blue,1,Yes,0,No,No,6,30,10,8,Yes,other,other,banana,1380,1000,100,190,0,No,15,Yes,7,7,Yes,NZ,NZ.Citizen
male,20,brown,0,No,0,No,No,7,5,9,5,Yes,soccer,watch.sport,strawberry,20,0,0,45,0,No,15,Yes,8,8,Yes,NZ,NZ.Citizen
male,25,brown,0,No,0,No,Yes,9,45,14,0,No,other,comp.vid.games,strawberry,50,0,0,15,0,No,0,No,5,9,Yes,S.Korea,NZ.Citizen
male,20,blue,0,No,0,No,Yes,7,7,18,1,Yes,cricket,watch.sport,strawberry,250,0,50,18,0,No,40,Yes,15,9,Yes,NZ,NZ.Citizen
female,21,brown,1,Yes,0,No,No,7,30,5,4,Yes,basketball,surf.web,melon,200,100,50,40,0,No,0,No,10,10,Yes,China,NZ.Citizen
male,23,brown,0,No,0,No,Yes,7,6,2,1,Yes,badminton,watch.sport,other,1000,700,20,25,0,No,15,Yes,10,10,Yes,China,NZ.Citizen
female,21,brown,2,Yes,0,No,No,7,6,20,3,Yes,other,comp.vid.games,peach,130,85,10,0,0,No,0,No,10,10,Yes,China,NZ.Citizen
female,20,brown,0,No,0,No,Yes,6,30,1,1,Yes,tennis,meet.friends,apple,60,0,20,20,0,No,0,No,10,10,Yes,Egypt,NZ.Citizen
male,20,brown,0,No,0,No,Yes,8,7,7,1,Yes,basketball,comp.vid.games,none,110,0,0,20,0,No,0,No,20,10,Yes,HK,NZ.Citizen
female,25,brown,8,Yes,0,No,Yes,7,10,10,0,No,badminton,meet.friends,other,350,0,150,50,20,Yes,80,Yes,10,10,Yes,HK,NZ.Citizen
female,20,brown,2,Yes,0,No,No,8,14,3,1,Yes,cricket,movies,melon,40,0,30,15,0,No,0,No,10,10,Yes,India,NZ.Citizen
female,22,brown,3,Yes,0,No,No,8,20,14,1,Yes,soccer,parties,blueberry,300,160,500,100,0,No,0,No,10,10,Yes,S.Korea,NZ.Citizen
female,23,other,2,Yes,0,No,Yes,7,15,2,3,Yes,tennis,movies,melon,200,130,50,30,0,No,20,Yes,10,10,Yes,S.Korea,NZ.Citizen
female,19,other,0,No,0,No,Yes,10,10,7,4,Yes,tennis,movies,other,170,0,50,25,0,No,0,No,127,10,Yes,S.Korea,NZ.Citizen
male,20,brown,0,No,0,No,Yes,7,70,2,0,No,other,meet.friends,banana,126,0,20,25,0,No,0,No,8,10,Yes,S.Korea,NZ.Citizen
female,18,blue,2,Yes,0,No,Yes,6,10,0,0,No,none,read.books,peach,300,240,20,0,0,No,15,Yes,10,10,Yes,NZ,NZ.Citizen
female,22,blue,2,Yes,0,No,Yes,6,10,10,4,Yes,none,meet.friends,blueberry,300,150,100,100,0,No,20,Yes,10,10,Yes,NZ,NZ.Citizen
female,20,brown,2,Yes,0,No,Yes,8,10,3,5,Yes,martial.arts,read.books,apricot,153,0,50,30,0,No,5,Yes,15,10,Yes,NZ,NZ.Citizen
male,19,brown,0,No,0,No,No,7,30,14,3,Yes,soccer,comp.vid.games,apple,0,0,5,0,0,No,0,No,10,10,Yes,NZ,NZ.Citizen
female,18,brown,8,Yes,2,Yes,Yes,7,10,8,0,No,netball,surf.web,grapes,80,0,30,25,0,No,0,No,10,10,Yes,NZ,NZ.Citizen
male,20,brown,0,No,0,No,No,8,10,5,1,Yes,hockey,meet.friends,strawberry,200,140,50,15,0,No,0,No,10,10,Yes,NZ,NZ.Citizen
male,22,blue,0,No,0,No,No,9,3,5,3,Yes,basketball,comp.vid.games,strawberry,800,200,200,20,0,No,20,Yes,10,10,Yes,NZ,NZ.Citizen
female,19,blue,0,No,1,Yes,No,7,4,21,0,No,hockey,meet.friends,strawberry,160,170,50,40,0,No,50,Yes,10,10,Yes,NZ,NZ.Citizen
female,20,brown,2,Yes,0,No,Yes,9,10,5,4,Yes,netball,parties,strawberry,130,0,250,250,0,No,50,Yes,10,10,Yes,NZ,NZ.Citizen
male,20,blue,0,No,0,No,No,7,10,2,2,Yes,tennis,watch.sport,strawberry,250,200,0,20,0,No,50,Yes,10,10,Yes,NZ,NZ.Citizen
male,22,brown,0,No,0,No,Yes,9,2,10,4,Yes,tennis,comp.vid.games,other,0,0,15,0,0,No,0,No,5,10,Yes,NZ,NZ.Citizen
male,19,brown,0,No,0,No,No,7,20,15,0,No,tennis,other,apple,150,0,100,0,0,No,0,No,10,10,Yes,NZ,NZ.Citizen
female,22,brown,0,No,0,No,No,7,40,5,1,Yes,badminton,read.books,blueberry,250,200,50,0,0,No,0,No,10,10,Yes,NZ,NZ.Citizen
female,20,blue,14,Yes,3,Yes,No,8,10,15,5,Yes,soccer,other,other,350,0,100,100,0,No,50,Yes,10,10,Yes,NZ,NZ.Citizen
female,21,brown,2,Yes,2,Yes,Yes,7,2,1,0,No,other,parties,banana,200,0,100,0,20,Yes,50,Yes,10,10,Yes,NZ,NZ.Citizen
male,18,brown,0,No,0,No,No,6,10,5,1,Yes,basketball,comp.vid.games,peach,200,0,0,10,0,No,0,No,10,10,Yes,Philippines,NZ.Citizen
male,19,brown,0,No,0,No,No,10,1,1,2,Yes,other,meet.friends,other,198,0,5,30,0,No,0,No,10,10,Yes,Taiwan,NZ.Citizen
female,19,brown,2,Yes,0,No,No,8,4,3,3,Yes,netball,parties,banana,0,180,220,80,0,No,30,Yes,10,12,Yes,NZ,NZ.Citizen
female,21,brown,2,Yes,0,No,Yes,6,10,4,0,No,badminton,surf.web,melon,150,0,50,8,0,No,0,No,20,15,Yes,China,NZ.Citizen
male,18,other,1,Yes,0,No,Yes,9,25,3,0,No,other,movies,orange,150,100,200,50,30,Yes,30,Yes,20,15,Yes,China,NZ.Citizen
male,21,brown,0,No,0,No,Yes,8,7,0,0,No,basketball,comp.vid.games,melon,160,100,50,15,0,No,5,Yes,20,15,Yes,China,NZ.Citizen
male,27,brown,0,No,0,No,No,12,6,1,7,Yes,other,surf.web,strawberry,1000,350,50,10,5,Yes,100,Yes,5,15,Yes,India,NZ.Citizen
male,19,brown,1,Yes,1,Yes,Yes,8,14,7,15,Yes,other,other,strawberry,470,165,50,25,14,Yes,0,No,15,15,Yes,S.Korea,NZ.Citizen
female,18,brown,0,No,0,No,Yes,5,26,14,1,Yes,soccer,read.books,apple,165,0,50,25,0,No,0,No,10,15,Yes,S.Korea,NZ.Citizen
female,19,blue,2,Yes,0,No,No,8,4,4,1,Yes,tennis,live.mod.music,blueberry,260,100,300,50,0,No,30,Yes,15,15,Yes,NZ,NZ.Citizen
female,23,brown,5,Yes,0,No,No,9,24,10,0,No,badminton,other,grapes,126,0,50,10,0,No,0,No,30,15,Yes,NZ,NZ.Citizen
male,19,brown,0,No,0,No,No,8,16,7,1,Yes,basketball,live.mod.music,strawberry,260,150,75,0,0,No,15,Yes,10,15,Yes,NZ,NZ.Citizen
female,21,green,0,No,0,No,No,7,6,3,1,Yes,other,meet.friends,grapes,400,165,100,60,0,No,15,Yes,15,15,Yes,NZ,NZ.Citizen
female,20,blue,2,Yes,0,No,Yes,7,40,3,2,Yes,netball,meet.friends,strawberry,250,0,600,60,0,No,20,Yes,15,15,Yes,NZ,NZ.Citizen
female,19,blue,2,Yes,0,No,No,8,6,8,2,Yes,other,meet.friends,strawberry,350,0,500,75,0,No,20,Yes,15,15,Yes,NZ,NZ.Citizen
male,18,green,0,No,0,No,No,7,14,10,7,Yes,soccer,watch.sport,banana,250,156,50,22,0,No,50,Yes,15,15,Yes,UK,NZ.Citizen
male,19,blue,0,No,0,No,No,7,4,4,1,Yes,rugby.union,parties,melon,80,0,90,15,0,No,120,Yes,15,15,Yes,UK,NZ.Citizen
female,20,brown,0,No,0,No,Yes,6,5,20,3,Yes,netball,read.books,grapes,160,0,20,35,0,No,0,No,20,16,Yes,HK,NZ.Citizen
male,20,blue,0,No,1,Yes,No,6,20,20,1,Yes,soccer,live.mod.music,apricot,160,125,1,0,10,Yes,20,Yes,20,20,Yes,Australia,NZ.Citizen
female,21,brown,0,No,0,No,Yes,7,7,3,2,Yes,golf,read.books,melon,100,0,50,40,0,No,0,No,20,20,Yes,China,NZ.Citizen
female,21,brown,0,No,0,No,Yes,8,2,3,2,Yes,badminton,craft.activities,other,186,0,30,120,0,No,0,No,20,20,Yes,China,NZ.Citizen
male,22,brown,0,No,0,No,Yes,7,0,0,10,Yes,cricket,meet.friends,strawberry,400,0,60,15,0,No,0,No,20,20,Yes,China,NZ.Citizen
female,21,brown,4,Yes,0,No,Yes,8,20,10,0,No,badminton,meet.friends,peach,200,0,100,30,0,No,0,No,30,20,Yes,China,NZ.Citizen
male,23,other,0,No,0,No,Yes,7,35,0,2,Yes,table.tennis,orchestra,other,220,160,0,30,0,No,0,No,20,20,Yes,China,NZ.Citizen
female,19,hazel,2,Yes,0,No,Yes,7,10,7,4,Yes,netball,parties,melon,300,155,200,50,0,No,15,Yes,20,20,Yes,England,NZ.Citizen
female,20,blue,2,Yes,0,No,No,8,10,7,4,Yes,tennis,parties,melon,158,70,20,0,0,No,15,Yes,20,20,Yes,England,NZ.Citizen
female,19,brown,4,Yes,0,No,No,7,35,3,5,Yes,tennis,meet.friends,orange,0,0,40,50,0,No,0,No,20,20,Yes,India,NZ.Citizen
female,21,brown,2,Yes,0,No,No,8,12,10,3,Yes,soccer,meet.friends,apricot,126,40,100,30,0,No,0,No,20,20,Yes,Iraq,NZ.Citizen
male,23,brown,0,No,0,No,Yes,8,10,1,1,Yes,boxing,comp.vid.games,apple,200,100,50,30,0,No,0,No,20,20,Yes,S.Korea,NZ.Citizen
female,19,brown,2,Yes,0,No,Yes,7,10,2,2,Yes,badminton,meet.friends,other,240,150,30,25,0,No,0,No,20,20,Yes,S.Korea,NZ.Citizen
male,20,brown,2,Yes,0,No,Yes,8,10,5,5,Yes,soccer,watch.sport,grapes,200,100,50,25,40,Yes,60,Yes,20,20,Yes,S.Korea,NZ.Citizen
female,19,brown,0,No,0,No,No,9,32,1,1,Yes,netball,meet.friends,melon,206,100,50,25,0,No,0,No,20,20,Yes,NZ,NZ.Citizen
male,20,blue,1,Yes,0,No,No,7,14,7,1,Yes,other,parties,blueberry,250,0,100,30,0,No,20,Yes,20,20,Yes,NZ,NZ.Citizen
female,21,brown,2,Yes,0,No,Yes,6,15,3,2,Yes,cricket,movies,strawberry,100,0,40,20,0,No,0,No,35,20,Yes,NZ,NZ.Citizen
male,20,brown,0,No,0,No,Yes,9,0,7,1,Yes,soccer,watch.sport,grapes,120,0,0,15,0,No,0,No,20,20,Yes,NZ,NZ.Citizen
male,20,brown,0,No,0,No,No,8,6,10,2,Yes,soccer,meet.friends,peach,100,0,50,12,0,No,0,No,20,20,Yes,NZ,NZ.Citizen
female,20,blue,2,Yes,0,No,No,8,10,25,5,Yes,martial.arts,comp.vid.games,strawberry,100,0,30,35,0,No,0,No,20,20,Yes,NZ,NZ.Citizen
female,18,green,2,Yes,0,No,No,7,8,3,20,Yes,tennis,meet.friends,strawberry,120,0,50,25,0,No,0,No,20,20,Yes,NZ,NZ.Citizen
female,20,green,2,Yes,0,No,No,9,12,3,2,Yes,tennis,meet.friends,raspberry,150,0,100,60,0,No,10,Yes,20,20,Yes,NZ,NZ.Citizen
female,19,green,3,Yes,0,No,No,9,10,10,3,Yes,netball,meet.friends,strawberry,100,0,70,45,0,No,10,Yes,20,20,Yes,NZ,NZ.Citizen
female,18,green,2,Yes,0,No,No,9,30,3,0,No,other,movies,apricot,345,193,150,25,0,No,20,Yes,25,20,Yes,NZ,NZ.Citizen
male,19,blue,0,No,1,Yes,No,9,10,3,3,Yes,rugby.league,parties,apple,150,0,20,0,0,No,40,Yes,20,20,Yes,NZ,NZ.Citizen
male,27,hazel,0,No,0,No,No,8,20,10,0,No,other,parties,strawberry,500,200,100,0,0,No,40,Yes,20,20,Yes,NZ,NZ.Citizen
female,20,brown,2,Yes,0,No,No,6,10,5,2,Yes,other,other,strawberry,250,110,50,30,0,No,0,No,30,20,Yes,NZ,NZ.Citizen
male,19,brown,0,No,0,No,Yes,8,14,15,5,Yes,golf,comp.vid.games,orange,300,0,200,40,0,No,0,No,20,20,Yes,Singapore,NZ.Citizen
female,22,brown,0,No,0,No,Yes,8,1,2,6,Yes,badminton,meet.friends,strawberry,300,0,300,30,0,No,10,Yes,20,20,Yes,Taiwan,NZ.Citizen
male,20,other,0,No,0,No,Yes,7,12,1,3,Yes,cricket,meet.friends,orange,290,120,50,15,0,No,10,Yes,25,25,Yes,Bangladesh,NZ.Citizen
female,22,brown,2,Yes,0,No,Yes,8,6,4,6,Yes,tennis,meet.friends,strawberry,200,150,300,40,0,No,20,Yes,20,25,Yes,China,NZ.Citizen
female,20,brown,1,Yes,0,No,No,8,4,4,5,Yes,none,meet.friends,melon,200,0,100,55,0,No,0,No,20,25,Yes,China,NZ.Citizen
male,23,brown,0,No,0,No,Yes,7,1,2,6,Yes,basketball,comp.vid.games,melon,300,200,300,40,0,No,10,Yes,20,25,Yes,China,NZ.Citizen
female,22,brown,4,Yes,0,No,Yes,7,6,20,4,Yes,cricket,meet.friends,strawberry,50,0,300,35,0,No,12,Yes,25,25,Yes,Fiji,NZ.Citizen
female,21,brown,2,Yes,0,No,No,10,4,10,2,Yes,badminton,meet.friends,strawberry,100,0,150,35,0,No,0,No,30,25,Yes,HK,NZ.Citizen
female,20,hazel,0,No,0,No,No,9,10,30,4,Yes,netball,parties,strawberry,160,0,40,60,0,No,40,Yes,20,25,Yes,NZ,NZ.Citizen
female,20,blue,2,Yes,1,Yes,No,9,3,5,2,Yes,soccer,meet.friends,strawberry,350,150,300,60,0,No,30,Yes,20,25,Yes,NZ,NZ.Citizen
female,19,brown,0,No,0,No,Yes,9,14,20,3,Yes,none,comp.vid.games,strawberry,160,0,40,25,0,No,0,No,25,25,Yes,NZ,NZ.Citizen
male,19,hazel,0,No,0,No,No,8,8,10,2,Yes,other,comp.vid.games,banana,50,0,0,0,0,No,20,Yes,20,25,Yes,NZ,NZ.Citizen
female,20,brown,0,No,0,No,Yes,7,7,3,3,Yes,netball,meet.friends,strawberry,250,190,20,20,0,No,10,Yes,25,25,Yes,NZ,NZ.Citizen
male,19,hazel,2,Yes,2,Yes,Yes,8,10,16,3,Yes,soccer,watch.sport,banana,100,0,40,12,0,No,0,No,35,30,Yes,Canada,NZ.Citizen
male,21,other,0,No,0,No,Yes,8,20,10,3,Yes,basketball,comp.vid.games,apple,198,100,50,10,0,No,0,No,20,30,Yes,China,NZ.Citizen
female,20,brown,0,No,0,No,Yes,8,30,3,2,Yes,soccer,meet.friends,melon,30,0,20,15,0,No,0,No,30,30,Yes,China,NZ.Citizen
male,21,brown,0,No,0,No,No,9,4,6,1,Yes,other,comp.vid.games,banana,225,100,30,25,0,No,5,Yes,30,30,Yes,China,NZ.Citizen
female,19,brown,0,No,0,No,Yes,8,3,10,4,Yes,basketball,comp.vid.games,melon,0,0,100,50,0,No,0,No,30,30,Yes,China,NZ.Citizen
female,26,brown,0,No,0,No,No,8,10,40,0,No,soccer,meet.friends,banana,152,100,50,120,0,No,0,No,30,30,Yes,Fiji,NZ.Citizen
female,19,brown,2,Yes,0,No,No,8,12,10,10,Yes,none,parties,melon,0,0,150,35,0,No,20,Yes,20,30,Yes,Fiji,NZ.Citizen
female,22,brown,2,Yes,0,No,Yes,6,0,40,16,Yes,none,movies,strawberry,0,0,1000,100,0,No,20,Yes,30,30,Yes,HK,NZ.Citizen
male,20,brown,0,No,0,No,Yes,8,15,7,1,Yes,basketball,movies,melon,100,0,150,36,0,No,50,Yes,25,30,Yes,HK,NZ.Citizen
male,19,brown,0,No,0,No,No,6,42,1,2,Yes,badminton,comp.vid.games,other,80,0,0,15,0,No,20,Yes,0,30,Yes,HK,NZ.Citizen
female,23,brown,2,Yes,0,No,No,8,6,12,3,Yes,badminton,movies,strawberry,186,150,40,30,0,No,30,Yes,30,30,Yes,S.Korea,NZ.Citizen
female,19,brown,2,Yes,0,No,Yes,6,15,10,1,Yes,basketball,movies,apple,180,0,30,100,0,No,0,No,30,30,Yes,S.Korea,NZ.Citizen
female,23,brown,2,Yes,0,No,Yes,7,6,2,10,Yes,other,movies,other,150,80,20,20,0,No,0,No,30,30,Yes,S.Korea,NZ.Citizen
male,19,brown,2,Yes,0,No,Yes,8,35,6,3,Yes,basketball,comp.vid.games,apple,130,0,40,20,0,No,40,Yes,30,30,Yes,S.Korea,NZ.Citizen
male,21,other,0,No,0,No,No,7,10,0,0,No,soccer,surf.web,peach,125,0,40,20,0,No,10,Yes,30,30,Yes,S.Korea,NZ.Citizen
female,19,green,0,No,0,No,Yes,8,20,10,5,Yes,tennis,comp.vid.games,strawberry,210,0,100,45,0,No,1,Yes,30,30,Yes,NZ,NZ.Citizen
female,20,brown,2,Yes,0,No,Yes,8,20,6,2,Yes,rugby.league,read.books,other,100,0,100,50,0,No,20,Yes,30,30,Yes,NZ,NZ.Citizen
female,18,brown,4,Yes,0,No,No,8,4,10,5,Yes,netball,parties,strawberry,200,124,50,25,0,No,30,Yes,30,30,Yes,NZ,NZ.Citizen
female,19,blue,5,Yes,0,No,Yes,8,14,7,2,Yes,netball,meet.friends,other,100,0,150,60,0,No,20,Yes,25,30,Yes,NZ,NZ.Citizen
female,19,blue,2,Yes,0,No,Yes,9,18,1,2,Yes,badminton,meet.friends,other,350,112,80,25,0,No,0,No,28,30,Yes,NZ,NZ.Citizen
male,19,hazel,0,No,0,No,Yes,7,20,10,4,Yes,basketball,comp.vid.games,apricot,100,0,50,15,0,No,0,No,30,30,Yes,NZ,NZ.Citizen
female,18,brown,3,Yes,0,No,Yes,8,5,0,0,No,badminton,other,strawberry,50,0,10,15,0,No,0,No,30,30,Yes,NZ,NZ.Citizen
female,25,brown,0,No,0,No,No,8,40,4,2,Yes,tennis,movies,peach,240,150,120,0,0,No,5,Yes,30,30,Yes,NZ,NZ.Citizen
female,19,green,2,Yes,0,No,No,10,25,20,6,Yes,tennis,movies,other,60,0,40,30,0,No,10,Yes,30,30,Yes,NZ,NZ.Citizen
male,20,blue,0,No,0,No,No,8,7,1,2,Yes,other,other,blueberry,200,0,200,0,0,No,30,Yes,30,30,Yes,NZ,NZ.Citizen
female,20,hazel,7,Yes,2,Yes,Yes,8,5,8,1,Yes,other,meet.friends,strawberry,250,150,20,45,0,No,30,Yes,30,30,Yes,NZ,NZ.Citizen
female,21,blue,2,Yes,1,Yes,Yes,6,10,5,4,Yes,netball,meet.friends,strawberry,450,0,230,240,0,No,30,Yes,25,30,Yes,NZ,NZ.Citizen
male,19,blue,0,No,0,No,No,9,2,10,2,Yes,soccer,meet.friends,strawberry,100,0,0,20,0,No,20,Yes,30,30,Yes,NZ,NZ.Citizen
male,20,blue,1,Yes,0,No,No,10,1,1,3,Yes,soccer,meet.friends,other,250,0,30,0,0,No,25,Yes,25,30,Yes,NZ,NZ.Citizen
female,19,green,0,No,0,No,No,8,10,15,6,Yes,none,live.mod.music,other,126,25,200,50,0,No,12,Yes,25,30,Yes,NZ,NZ.Citizen
female,18,brown,0,No,0,No,No,7,5,1,3,Yes,rugby.union,movies,orange,90,0,50,20,0,No,0,No,30,30,Yes,Saudi.Arabia,NZ.Citizen
female,23,brown,2,Yes,2,Yes,Yes,7,10,5,1,Yes,cricket,meet.friends,other,250,0,300,50,30,Yes,30,Yes,30,30,Yes,SriLanka,NZ.Citizen
male,18,brown,0,No,0,No,Yes,11,1,5,1,Yes,tennis,comp.vid.games,other,50,0,30,15,0,No,10,Yes,20,30,Yes,Taiwan,NZ.Citizen
female,20,brown,3,Yes,0,No,Yes,7,20,5,1,Yes,badminton,surf.web,orange,300,0,50,15,0,No,0,No,30,30,Yes,Taiwan,NZ.Citizen
male,20,brown,0,No,0,No,Yes,8,2,0,1,Yes,other,other,other,0,100,500,20,0,No,0,No,5,30,Yes,Taiwan,NZ.Citizen
male,21,brown,0,No,0,No,No,7,20,6,10,Yes,soccer,other,raspberry,150,0,50,25,0,No,30,Yes,20,30,Yes,Yugoslavia,NZ.Citizen
female,19,blue,2,Yes,0,No,No,8,4,16,7,Yes,rugby.union,movies,banana,250,0,400,250,0,No,0,No,35,35,Yes,NZ,NZ.Citizen
male,30,brown,0,No,0,No,No,6,6,20,6,Yes,rugby.league,watch.sport,other,600,70,120,12,0,No,0,No,35,35,Yes,NZ,NZ.Citizen
female,19,blue,5,Yes,0,No,No,8,2,13,4,Yes,tennis,meet.friends,strawberry,300,0,450,20,0,No,100,Yes,30,35,Yes,NZ,NZ.Citizen
male,20,brown,0,No,0,No,Yes,8,10,10,2,Yes,rugby.union,meet.friends,other,160,0,10,0,0,No,0,No,30,35,Yes,Taiwan,NZ.Citizen
female,19,blue,0,No,0,No,No,7,9,10,3,Yes,badminton,meet.friends,strawberry,126,0,20,26,0,No,0,No,40,38,Yes,NZ,NZ.Citizen
female,19,blue,9,Yes,2,Yes,Yes,9,10,6,8,Yes,other,parties,strawberry,120,50,50,40,0,No,5,Yes,40,40,Yes,Canada,NZ.Citizen
female,19,brown,0,No,0,No,No,5,15,2,1,Yes,basketball,comp.vid.games,peach,20,0,30,60,0,No,0,No,30,40,Yes,China,NZ.Citizen
female,19,other,2,Yes,0,No,No,8,10,5,2,Yes,tennis,meet.friends,raspberry,300,0,150,40,0,No,20,Yes,40,40,Yes,England,NZ.Citizen
male,20,brown,0,No,0,No,No,5,10,10,5,Yes,basketball,meet.friends,grapes,200,0,200,20,0,No,30,Yes,30,40,Yes,S.Korea,NZ.Citizen
female,22,brown,8,Yes,1,Yes,Yes,8,8,12,0,No,none,movies,orange,200,180,0,25,10,Yes,20,Yes,50,40,Yes,S.Korea,NZ.Citizen
female,19,brown,2,Yes,0,No,Yes,8,30,4,9,Yes,none,meet.friends,orange,300,50,100,60,0,No,20,Yes,40,40,Yes,Macedonia,NZ.Citizen
male,23,green,0,No,0,No,Yes,8,3,3,2,Yes,rugby.union,other,other,600,0,100,30,0,No,50,Yes,40,40,Yes,NZ,NZ.Citizen
female,32,brown,6,Yes,0,No,No,6,14,4,0,No,rugby.league,meet.friends,other,250,120,0,0,0,No,0,No,40,40,Yes,NZ,NZ.Citizen
male,20,brown,0,No,0,No,Yes,8,2,0,0,No,badminton,comp.vid.games,melon,0,50,100,25,0,No,0,No,1,50,Yes,China,NZ.Citizen
female,20,brown,10,Yes,5,Yes,Yes,8,35,4,1,Yes,other,meet.friends,melon,200,0,50,20,10,Yes,20,Yes,50,50,Yes,China,NZ.Citizen
female,19,other,0,No,0,No,No,7,8,10,1,Yes,badminton,movies,melon,0,0,80,20,0,No,0,No,50,50,Yes,China,NZ.Citizen
female,20,brown,2,Yes,0,No,No,6,10,3,3,Yes,netball,other,other,180,40,300,20,0,No,0,No,50,50,Yes,China,NZ.Citizen
female,19,brown,2,Yes,1,Yes,Yes,6,5,0,5,Yes,golf,meet.friends,peach,200,0,100,60,30,Yes,0,No,50,50,Yes,China,NZ.Citizen
female,19,brown,2,Yes,0,No,Yes,6,4,1,4,Yes,basketball,comp.vid.games,melon,150,0,100,15,0,No,0,No,50,50,Yes,China,NZ.Citizen
male,19,brown,1,Yes,0,No,Yes,7,5,5,3,Yes,basketball,comp.vid.games,other,0,100,50,50,0,No,0,No,50,50,Yes,China,NZ.Citizen
female,20,brown,3,Yes,0,No,No,8,35,25,0,No,none,parties,melon,200,140,20,60,0,No,60,Yes,55,50,Yes,Croatia,NZ.Citizen
male,19,brown,0,No,0,No,Yes,6,6,1,4,Yes,cycling,meet.friends,orange,320,120,0,15,0,No,0,No,50,50,Yes,HK,NZ.Citizen
male,18,other,0,No,0,No,Yes,8,7,1,0,No,basketball,meet.friends,other,300,100,0,39,0,No,0,No,50,50,Yes,HK,NZ.Citizen
female,20,brown,4,Yes,0,No,Yes,7,5,0,3,Yes,basketball,meet.friends,strawberry,200,0,200,50,0,No,0,No,50,50,Yes,HK,NZ.Citizen
female,19,brown,2,Yes,0,No,No,7,8,1,8,Yes,none,meet.friends,banana,30,0,150,30,0,No,0,No,50,50,Yes,India,NZ.Citizen
male,21,brown,0,No,0,No,No,10,12,3,4,Yes,soccer,comp.vid.games,orange,100,0,50,30,10,Yes,25,Yes,50,50,Yes,S.Korea,NZ.Citizen
male,19,brown,0,No,0,No,Yes,8,12,3,2,Yes,soccer,other,banana,126,0,300,40,0,No,0,No,80,50,Yes,S.Korea,NZ.Citizen
female,20,brown,2,Yes,0,No,Yes,7,3,3,5,Yes,other,meet.friends,other,120,0,50,40,0,No,0,No,40,50,Yes,NZ,NZ.Citizen
female,19,brown,2,Yes,0,No,Yes,8,30,24,4,Yes,soccer,meet.friends,strawberry,219,0,50,72,0,No,0,No,40,50,Yes,NZ,NZ.Citizen
female,19,brown,2,Yes,0,No,Yes,8,5,10,3,Yes,other,meet.friends,other,80,0,50,25,0,No,10,Yes,40,50,Yes,NZ,NZ.Citizen
female,18,brown,5,Yes,0,No,No,6,8,6,0,No,other,parties,banana,300,100,0,20,0,No,0,No,30,50,Yes,NZ,NZ.Citizen
female,20,hazel,0,No,0,No,No,8,10,10,5,Yes,rugby.union,watch.sport,strawberry,140,0,50,40,0,No,25,Yes,40,50,Yes,NZ,NZ.Citizen
male,19,other,0,No,0,No,No,9,2,10,5,Yes,other,surf.web,strawberry,200,0,50,30,0,No,0,No,50,50,Yes,NZ,NZ.Citizen
female,20,brown,2,Yes,0,No,No,10,40,6,4,Yes,other,movies,blueberry,450,112,100,350,0,No,10,Yes,50,50,Yes,NZ,NZ.Citizen
female,19,blue,2,Yes,0,No,No,9,10,14,4,Yes,other,meet.friends,blueberry,260,0,350,85,0,No,20,Yes,50,50,Yes,NZ,NZ.Citizen
male,20,brown,2,Yes,3,Yes,Yes,7,12,10,2,Yes,badminton,parties,orange,180,100,50,20,0,No,20,Yes,50,50,Yes,NZ,NZ.Citizen
male,19,brown,0,No,0,No,No,9,2,20,2,Yes,cricket,movies,apple,200,150,0,0,0,No,100,Yes,50,50,Yes,NZ,NZ.Citizen
female,20,brown,3,Yes,0,No,Yes,8,14,7,3,Yes,other,parties,other,160,0,100,50,0,No,20,Yes,50,50,Yes,Philippines,NZ.Citizen
male,19,brown,0,No,0,No,Yes,7,2,4,1,Yes,other,other,other,0,0,0,25,0,No,0,No,50,50,Yes,Taiwan,NZ.Citizen
male,21,other,0,No,0,No,No,7,4,10,2,Yes,badminton,meet.friends,melon,150,0,50,15,20,Yes,20,Yes,50,50,Yes,UAE,NZ.Citizen
female,19,brown,0,No,0,No,No,8,20,5,0,No,badminton,surf.web,peach,127,0,50,20,0,No,0,No,50,55,Yes,China,NZ.Citizen
female,22,brown,3,Yes,0,No,Yes,6,6,6,4,Yes,rugby.union,surf.web,peach,250,0,300,30,0,No,30,Yes,60,60,Yes,China,NZ.Citizen
female,18,brown,2,Yes,0,No,No,7,7,28,2,Yes,athletics,other,orange,126,70,100,25,0,No,0,No,50,60,Yes,NZ,NZ.Citizen
female,18,brown,2,Yes,0,No,No,8,40,8,5,Yes,rugby.union,movies,strawberry,150,0,50,20,0,No,0,No,60,60,Yes,NZ,NZ.Citizen
female,21,blue,2,Yes,0,No,Yes,8,10,6,2,Yes,netball,parties,strawberry,120,0,200,60,0,No,10,Yes,60,60,Yes,NZ,NZ.Citizen
male,19,blue,0,No,0,No,Yes,6,3,10,3,Yes,basketball,meet.friends,peach,198,0,350,20,20,Yes,20,Yes,100,78,Yes,NZ,NZ.Citizen
male,21,brown,0,No,0,No,Yes,8,12,20,4,Yes,soccer,parties,orange,200,0,200,30,0,No,100,Yes,80,80,Yes,Fiji,NZ.Citizen
female,19,brown,2,Yes,0,No,Yes,8,10,10,15,Yes,badminton,movies,raspberry,350,0,500,30,0,No,0,No,70,80,Yes,NZ,NZ.Citizen
male,19,brown,1,Yes,1,Yes,No,10,2,10,4,Yes,hockey,meet.friends,apple,170,0,20,20,0,No,40,Yes,80,80,Yes,NZ,NZ.Citizen
female,19,brown,4,Yes,0,No,Yes,7,40,10,5,Yes,netball,meet.friends,peach,127,0,100,25,0,No,20,Yes,80,80,Yes,NZ,NZ.Citizen
female,22,blue,2,Yes,0,No,Yes,5,7,21,4,Yes,athletics,comp.vid.games,peach,450,300,20,60,0,No,40,Yes,100,80,Yes,NZ,NZ.Citizen
female,20,brown,0,No,0,No,No,8,10,3,6,Yes,other,live.mod.music,apple,160,0,60,0,0,No,0,No,60,80,Yes,Samoa,NZ.Citizen
female,20,brown,0,No,0,No,Yes,7,10,7,3,Yes,badminton,movies,other,122,0,50,20,0,No,0,No,75,80,Yes,Taiwan,NZ.Citizen
male,18,brown,0,No,0,No,No,6,0,0,3,Yes,sailing,meet.friends,other,215,0,300,30,0,No,20,Yes,45,80,Yes,Ukraine,NZ.Citizen
female,19,blue,2,Yes,2,Yes,No,8,4,15,4,Yes,netball,meet.friends,blueberry,260,135,80,30,0,No,0,No,80,90,Yes,NZ,NZ.Citizen
male,19,hazel,0,No,0,No,No,8,1,8,1,Yes,golf,parties,melon,0,0,50,0,0,No,20,Yes,100,100,Yes,Australia,NZ.Citizen
female,21,brown,0,No,0,No,No,8,4,7,2,Yes,badminton,movies,strawberry,175,60,60,30,0,No,0,No,127,100,Yes,Cambodia,NZ.Citizen
female,21,brown,2,Yes,0,No,Yes,6,10,2,5,Yes,other,meet.friends,grapes,120,0,100,60,0,No,0,No,100,100,Yes,India,NZ.Citizen
male,18,brown,0,No,0,No,No,8,30,2,8,Yes,martial.arts,comp.vid.games,other,300,0,150,20,0,No,0,No,100,100,Yes,Japan,NZ.Citizen
female,19,brown,0,No,0,No,No,6,20,15,3,Yes,netball,read.books,grapes,60,0,100,55,0,No,0,No,100,100,Yes,NZ,NZ.Citizen
female,20,hazel,2,Yes,0,No,No,8,5,6,5,Yes,netball,parties,strawberry,190,0,50,35,0,No,30,Yes,100,100,Yes,NZ,NZ.Citizen
male,19,other,0,No,0,No,No,12,6,12,0,No,other,parties,strawberry,400,215,100,0,0,No,30,Yes,100,100,Yes,NZ,NZ.Citizen
male,19,brown,2,Yes,0,No,No,6,3,2,4,Yes,other,meet.friends,melon,340,0,0,20,0,No,25,Yes,100,100,Yes,NZ,NZ.Citizen
female,19,brown,5,Yes,0,No,Yes,6,10,7,4,Yes,other,meet.friends,strawberry,200,0,100,26,0,No,10,Yes,100,100,Yes,Philippines,NZ.Citizen
female,20,brown,2,Yes,0,No,Yes,8,20,14,4,Yes,tennis,meet.friends,peach,200,0,100,65,0,No,40,Yes,100,100,Yes,SAfrica,NZ.Citizen
female,19,brown,2,Yes,0,No,No,6,8,6,5,Yes,cricket,movies,apple,140,50,25,0,0,No,0,No,100,123,Yes,Samoa,NZ.Citizen
male,19,green,0,No,0,No,No,6,5,2,1,Yes,soccer,comp.vid.games,blueberry,150,60,20,20,0,No,10,Yes,127,127,Yes,Bosnia.Herzegowina,NZ.Citizen
female,19,brown,4,Yes,0,No,Yes,8,10,10,5,Yes,basketball,other,other,0,0,200,35,0,No,0,No,100,127,Yes,Fiji,NZ.Citizen
male,19,brown,0,No,0,No,Yes,6,10,0,2,Yes,basketball,comp.vid.games,apple,60,0,20,20,0,No,0,No,127,127,Yes,HK,NZ.Citizen
female,20,brown,2,Yes,0,No,No,6,20,12,2,Yes,rugby.league,read.books,banana,140,0,50,0,0,No,0,No,127,127,Yes,NZ,NZ.Citizen
female,19,brown,0,No,0,No,Yes,10,5,10,2,Yes,badminton,read.books,grapes,126,0,40,20,0,No,0,No,127,127,Yes,Taiwan,NZ.Citizen
female,28,brown,0,No,0,No,Yes,8,10,8,1,Yes,badminton,comp.vid.games,melon,160,0,100,20,0,No,0,No,1,1,Yes,China,NZ.Resident
male,35,other,0,No,0,No,Yes,7,30,1,2,Yes,badminton,meet.friends,orange,200,100,0,20,0,No,0,No,1,1,Yes,China,NZ.Resident
male,23,brown,0,No,0,No,No,6,6,4,0,No,none,comp.vid.games,strawberry,100,0,0,12,0,No,0,No,1,1,Yes,Taiwan,NZ.Resident
male,21,blue,0,No,0,No,No,9,50,0,1,Yes,other,other,orange,120,140,20,15,0,No,0,No,2,1,Yes,US,NZ.Resident
male,22,brown,0,No,0,No,Yes,6,2,1,3,Yes,none,comp.vid.games,apple,120,0,50,16,0,No,0,No,3,3,Yes,HK,NZ.Resident
female,28,other,0,No,1,Yes,Yes,4,3,2,3,Yes,table.tennis,meet.friends,banana,400,170,100,30,0,No,0,No,3,3,Yes,Taiwan,NZ.Resident
male,18,brown,0,No,0,No,No,10,5,5,0,No,basketball,comp.vid.games,apple,128,0,0,10,0,No,0,No,5,5,Yes,S.Korea,NZ.Resident
male,25,blue,0,No,0,No,No,8,4,8,5,Yes,other,live.mod.music,other,340,240,10,20,0,No,0,No,5,5,Yes,NZ,NZ.Resident
male,20,brown,0,No,0,No,No,6,20,10,0,No,martial.arts,read.books,apple,500,325,100,40,0,No,10,Yes,6,10,Yes,China,NZ.Resident
male,20,brown,0,No,0,No,Yes,6,0,0,1,Yes,none,other,none,0,0,0,25,10,Yes,0,No,10,10,Yes,China,NZ.Resident
female,19,brown,3,Yes,0,No,Yes,9,50,20,8,Yes,cricket,movies,apple,300,0,100,50,0,No,0,No,10,10,Yes,India,NZ.Resident
female,21,brown,4,Yes,0,No,No,8,25,5,4,Yes,golf,movies,apple,300,0,500,0,0,No,0,No,10,10,Yes,Japan,NZ.Resident
male,21,brown,0,No,0,No,No,9,15,8,5,Yes,golf,meet.friends,other,350,0,50,30,0,No,20,Yes,10,10,Yes,NZ,NZ.Resident
female,19,hazel,3,Yes,0,No,No,7,2,15,3,Yes,none,meet.friends,raspberry,190,165,200,50,0,No,20,Yes,10,10,Yes,NZ,NZ.Resident
female,19,brown,0,No,0,No,No,7,15,3,9,Yes,other,meet.friends,other,50,193,40,40,0,No,0,No,10,10,Yes,Taiwan,NZ.Resident
female,19,brown,2,Yes,0,No,No,8,20,2,3,Yes,badminton,parties,strawberry,400,0,200,160,0,No,0,No,20,10,Yes,Thailand,NZ.Resident
female,20,blue,0,No,0,No,Yes,8,6,8,2,Yes,sailing,read.books,grapes,60,0,8,24,0,No,0,No,10,11,Yes,Denmark,NZ.Resident
female,20,brown,0,No,0,No,Yes,6,30,5,0,No,none,read.books,banana,126,50,50,20,0,No,0,No,20,15,Yes,China,NZ.Resident
female,27,brown,2,Yes,0,No,No,8,12,2,0,No,cycling,surf.web,orange,1012,200,300,300,0,No,0,No,10,15,Yes,China,NZ.Resident
male,20,blue,0,No,0,No,No,8,15,20,2,Yes,other,meet.friends,blueberry,335,120,50,20,0,No,40,Yes,20,15,Yes,US,NZ.Resident
female,28,brown,0,No,0,No,No,7,15,2,2,Yes,soccer,read.books,other,450,180,100,50,0,No,0,No,10,15,Yes,VietNam,NZ.Resident
female,20,brown,2,Yes,0,No,Yes,6,15,8,6,Yes,basketball,live.mod.music,strawberry,350,150,100,50,0,No,50,Yes,20,18,Yes,China,NZ.Resident
male,22,brown,0,No,0,No,No,8,48,0,4,Yes,basketball,comp.vid.games,orange,120,0,0,0,0,No,10,Yes,20,20,Yes,China,NZ.Resident
female,21,hazel,2,Yes,0,No,No,8,7,1,4,Yes,other,meet.friends,strawberry,260,120,100,30,0,No,3,Yes,20,20,Yes,China,NZ.Resident
male,19,brown,1,Yes,0,No,Yes,8,5,0,2,Yes,basketball,live.mod.music,blueberry,200,300,50,20,0,No,0,No,20,20,Yes,England,NZ.Resident
male,20,brown,0,No,0,No,No,8,8,5,2,Yes,cricket,movies,banana,400,250,200,25,0,No,10,Yes,20,20,Yes,Fiji,NZ.Resident
male,21,brown,0,No,0,No,Yes,6,30,2,1,Yes,other,comp.vid.games,grapes,150,0,10,40,0,No,40,Yes,20,20,Yes,HK,NZ.Resident
female,22,brown,0,No,3,Yes,Yes,7,3,4,2,Yes,tennis,movies,apple,320,120,60,35,23,Yes,20,Yes,20,20,Yes,Japan,NZ.Resident
male,23,brown,0,No,0,No,Yes,7,10,4,10,Yes,basketball,live.mod.music,grapes,1000,0,50,20,0,No,0,No,20,20,Yes,Malaysia,NZ.Resident
male,21,brown,0,No,0,No,Yes,7,15,2,2,Yes,badminton,meet.friends,other,150,0,30,20,0,No,0,No,20,20,Yes,Malaysia,NZ.Resident
female,19,brown,2,Yes,0,No,No,9,10,4,1,Yes,other,meet.friends,strawberry,0,0,20,0,0,No,0,No,20,20,Yes,Singapore,NZ.Resident
female,23,brown,2,Yes,0,No,Yes,6,20,10,5,Yes,athletics,live.mod.music,melon,240,100,20,65,0,No,20,Yes,20,20,Yes,SAfrica,NZ.Resident
male,25,brown,0,No,0,No,No,7,20,24,3,Yes,rugby.union,watch.sport,banana,300,0,200,20,0,No,0,No,20,20,Yes,SAfrica,NZ.Resident
male,20,green,0,No,0,No,No,8,0,16,6,Yes,table.tennis,meet.friends,apple,130,0,20,15,0,No,30,Yes,20,25,Yes,Brazil,NZ.Resident
male,23,hazel,0,No,0,No,No,7,16,1,1,Yes,basketball,meet.friends,other,300,200,50,30,0,No,0,No,15,25,Yes,China,NZ.Resident
male,21,brown,1,Yes,0,No,Yes,8,5,8,5,Yes,rugby.league,comp.vid.games,melon,150,0,200,20,0,No,40,Yes,25,25,Yes,China,NZ.Resident
male,21,brown,2,Yes,2,Yes,No,7,24,48,6,Yes,soccer,movies,orange,300,50,300,20,0,No,0,No,10,25,Yes,Fiji,NZ.Resident
male,21,other,0,No,0,No,Yes,8,10,5,0,No,soccer,meet.friends,strawberry,130,0,20,25,0,No,10,Yes,25,25,Yes,S.Korea,NZ.Resident
female,21,brown,4,Yes,0,No,Yes,8,10,10,3,Yes,other,live.mod.music,other,200,195,20,20,0,No,0,No,20,25,Yes,SAfrica,NZ.Resident
male,21,brown,0,No,1,Yes,No,7,3,1,0,No,rugby.union,read.books,banana,410,205,0,15,37,Yes,25,Yes,25,25,Yes,SAfrica,NZ.Resident
male,21,brown,0,No,0,No,No,8,20,0,1,Yes,soccer,comp.vid.games,apple,200,160,200,15,0,No,0,No,15,30,Yes,China,NZ.Resident
male,20,brown,0,No,0,No,Yes,8,40,10,0,No,basketball,comp.vid.games,blueberry,50,200,0,20,0,No,10,Yes,20,30,Yes,China,NZ.Resident
male,21,brown,0,No,1,Yes,Yes,9,10,28,0,No,basketball,watch.sport,strawberry,300,150,100,25,80,Yes,0,No,20,30,Yes,S.Korea,NZ.Resident
female,19,other,2,Yes,0,No,No,6,30,10,1,Yes,netball,other,melon,38,38,20,20,0,No,0,No,10,30,Yes,Malaysia,NZ.Resident
male,21,brown,1,Yes,0,No,Yes,8,12,20,3,Yes,basketball,meet.friends,none,1000,0,100,15,0,No,0,No,25,30,Yes,Malaysia,NZ.Resident
male,19,brown,0,No,0,No,Yes,8,10,20,5,Yes,other,craft.activities,other,350,190,500,48,0,No,0,No,30,30,Yes,Malaysia,NZ.Resident
male,18,brown,0,No,0,No,Yes,7,5,2,3,Yes,cricket,comp.vid.games,banana,300,160,0,20,0,No,50,Yes,30,30,Yes,NZ,NZ.Resident
male,21,brown,1,Yes,0,No,No,7,6,1,2,Yes,basketball,meet.friends,orange,198,0,20,25,0,No,30,Yes,25,30,Yes,Philippines,NZ.Resident
male,20,brown,0,No,0,No,No,8,5,2,3,Yes,basketball,meet.friends,kiwifruit,150,120,60,30,0,No,0,No,30,30,Yes,Taiwan,NZ.Resident
female,21,brown,0,No,0,No,Yes,8,5,2,0,No,none,meet.friends,strawberry,300,0,200,10,0,No,0,No,30,30,Yes,Taiwan,NZ.Resident
female,24,brown,1,Yes,0,No,No,7,8,9,0,No,none,movies,strawberry,160,0,50,0,0,No,0,No,50,30,Yes,Tonga,NZ.Resident
male,25,other,0,No,0,No,Yes,8,16,2,6,Yes,basketball,comp.vid.games,melon,300,150,100,30,0,No,0,No,40,40,Yes,China,NZ.Resident
male,20,brown,0,No,0,No,Yes,8,20,1,0,No,basketball,other,other,190,165,50,25,0,No,0,No,40,40,Yes,China,NZ.Resident
female,20,brown,2,Yes,0,No,No,7,23,9,3,Yes,basketball,movies,orange,132,0,100,0,0,No,0,No,20,40,Yes,Fiji,NZ.Resident
male,19,brown,0,No,0,No,Yes,7,20,3,10,Yes,soccer,meet.friends,banana,150,120,200,80,0,No,20,Yes,50,49,Yes,China,NZ.Resident
male,28,brown,0,No,0,No,Yes,7,8,1,0,No,martial.arts,movies,melon,200,110,0,20,0,No,10,Yes,50,50,Yes,China,NZ.Resident
female,21,other,2,Yes,0,No,No,6,20,10,1,Yes,badminton,meet.friends,grapes,120,50,50,30,0,No,0,No,50,50,Yes,Fiji,NZ.Resident
male,21,hazel,0,No,0,No,Yes,6,1,6,5,Yes,soccer,watch.sport,strawberry,130,0,0,20,0,No,10,Yes,40,50,Yes,HK,NZ.Resident
female,20,hazel,2,Yes,0,No,No,7,10,5,2,Yes,none,other,strawberry,120,0,100,30,0,No,20,Yes,50,50,Yes,S.Korea,NZ.Resident
male,21,other,0,No,0,No,Yes,7,5,15,0,No,tennis,movies,apple,25,0,0,10,0,No,0,No,50,50,Yes,Malaysia,NZ.Resident
female,22,brown,2,Yes,0,No,Yes,8,7,5,3,Yes,badminton,parties,grapes,110,0,80,30,0,No,0,No,45,55,Yes,Fiji,NZ.Resident
male,24,brown,14,Yes,0,No,No,8,2,0,4,Yes,golf,comp.vid.games,apple,0,0,0,30,0,No,0,No,70,60,Yes,China,NZ.Resident
female,19,brown,4,Yes,0,No,No,8,10,14,3,Yes,badminton,meet.friends,grapes,200,0,500,30,0,No,20,Yes,50,60,Yes,Fiji,NZ.Resident
female,20,brown,0,No,0,No,No,8,15,2,2,Yes,badminton,other,melon,126,0,200,35,0,No,0,No,60,60,Yes,S.Korea,NZ.Resident
female,20,other,2,Yes,0,No,No,9,10,14,5,Yes,badminton,meet.friends,apple,120,0,20,20,0,No,30,Yes,50,60,Yes,S.Korea,NZ.Resident
female,19,brown,2,Yes,0,No,Yes,8,10,4,4,Yes,cricket,other,strawberry,60,0,50,20,0,No,0,No,60,60,Yes,NZ,NZ.Resident
male,21,brown,0,No,0,No,No,9,6,10,3,Yes,cricket,meet.friends,banana,500,0,50,15,0,No,0,No,50,75,Yes,India,NZ.Resident
female,20,brown,0,No,0,No,Yes,8,10,30,6,Yes,hockey,meet.friends,other,81,0,100,80,0,No,20,Yes,80,80,Yes,Australia,NZ.Resident
male,19,brown,0,No,0,No,No,9,3,10,5,Yes,soccer,meet.friends,other,120,0,50,20,10,Yes,150,Yes,80,80,Yes,England,NZ.Resident
male,20,brown,0,No,0,No,No,7,30,10,3,Yes,rugby.league,movies,melon,120,0,100,15,0,No,0,No,80,80,Yes,Tonga,NZ.Resident
female,20,brown,4,Yes,0,No,Yes,8,16,4,2,Yes,tennis,movies,blueberry,198,0,0,20,0,No,0,No,100,100,Yes,China,NZ.Resident
female,19,brown,2,Yes,0,No,No,7,7,2,10,Yes,none,surf.web,melon,0,0,100,30,0,No,0,No,100,100,Yes,Malaysia,NZ.Resident
female,18,brown,2,Yes,0,No,Yes,6,0,20,3,Yes,badminton,comp.vid.games,grapes,120,50,10,25,0,No,0,No,127,127,Yes,Fiji,NZ.Resident
male,19,other,0,No,0,No,No,8,15,15,4,Yes,rugby.league,meet.friends,banana,300,0,100,15,0,No,0,No,127,127,Yes,Fiji,NZ.Resident
female,20,brown,5,Yes,0,No,Yes,7,8,10,0,No,basketball,movies,peach,200,0,50,40,0,No,0,No,127,127,Yes,HK,NZ.Resident
female,20,brown,2,Yes,0,No,Yes,8,10,10,5,Yes,none,meet.friends,grapes,126,0,60,30,0,No,50,Yes,127,127,Yes,S.Korea,NZ.Resident
male,21,brown,0,No,1,Yes,No,7,14,3,1,Yes,soccer,comp.vid.games,none,200,190,50,30,40,Yes,10,Yes,127,127,Yes,S.Korea,NZ.Resident
female,18,brown,2,Yes,0,No,Yes,8,4,2,2,Yes,badminton,other,other,50,0,70,30,0,No,0,No,127,127,Yes,Malaysia,NZ.Resident
male,19,brown,1,Yes,0,No,Yes,6,30,28,5,Yes,rugby.union,movies,blueberry,150,0,100,10,0,No,60,Yes,127,127,Yes,Tonga,NZ.Resident
female,24,blue,2,Yes,0,No,Yes,8,12,4,0,No,other,meet.friends,strawberry,160,0,20,25,0,No,5,Yes,4,4,Yes,NZ,NZ.Citizen
male,18,brown,0,No,0,No,No,7,20,10,0,No,soccer,surf.web,strawberry,352,0,0,10,0,No,10,Yes,10,10,Yes,China,NZ.Citizen
female,20,blue,6,Yes,0,No,No,6,20,2,1,Yes,none,meet.friends,blueberry,90,0,30,0,0,No,20,Yes,5,5,Yes,NZ,NZ.Citizen
male,21,brown,0,No,0,No,Yes,7,10,3,8,Yes,table.tennis,surf.web,melon,200,0,200,20,0,No,0,No,1,1,Yes,China,NZ.Resident
female,19,brown,3,Yes,0,No,Yes,8,10,5,2,Yes,badminton,other,strawberry,129,0,50,100,0,No,0,No,50,20,Yes,HK,NZ.Citizen
female,20,brown,2,Yes,0,No,Yes,8,10,20,0,No,table.tennis,watch.sport,blueberry,170,0,0,25,0,No,0,No,30,40,Yes,Philippines,NZ.Citizen
female,20,brown,2,Yes,0,No,Yes,8,4,7,1,Yes,badminton,surf.web,kiwifruit,180,190,50,30,0,No,0,No,30,30,Yes,Taiwan,International
female,21,blue,5,Yes,0,No,No,9,12,7,1,Yes,netball,meet.friends,raspberry,300,157,50,18,0,No,0,No,5,5,Yes,NZ,NZ.Citizen
female,20,brown,2,Yes,0,No,No,8,6,2,2,Yes,tennis,meet.friends,other,300,150,100,50,0,No,30,Yes,30,30,Yes,Yugoslavia,NZ.Citizen
female,24,blue,2,Yes,0,No,Yes,7,5,10,6,Yes,rugby.union,meet.friends,blueberry,200,0,200,80,0,No,30,Yes,10,10,Yes,NZ,NZ.Citizen
female,19,brown,12,Yes,3,Yes,No,10,15,12,5,Yes,rugby.league,parties,orange,160,50,50,30,20,Yes,40,Yes,80,100,Yes,NZ,NZ.Citizen
female,19,blue,5,Yes,0,No,Yes,8,2,12,4,Yes,other,meet.friends,grapes,230,180,200,30,0,No,15,Yes,30,30,Yes,SAfrica,NZ.Citizen
male,19,brown,0,No,0,No,Yes,9,15,10,5,Yes,none,meet.friends,melon,205,100,50,40,0,No,0,No,20,20,Yes,NZ,NZ.Citizen
female,21,other,2,Yes,0,No,Yes,8,50,0,2,Yes,other,surf.web,apple,200,200,50,0,0,No,0,No,30,25,Yes,China,International
female,18,brown,0,No,0,No,Yes,8,8,20,5,Yes,cycling,comp.vid.games,melon,0,260,300,35,0,No,0,No,110,100,Yes,China,International
male,18,blue,0,No,0,No,No,7,8,14,1,Yes,tennis,meet.friends,apple,120,0,20,20,0,No,0,No,20,20,Yes,NZ,NZ.Citizen
male,22,brown,0,No,0,No,No,9,1,0,2,Yes,none,surf.web,orange,126,0,0,35,0,No,0,No,5,5,Yes,HK,NZ.Citizen
female,18,brown,2,Yes,0,No,No,6,20,5,1,Yes,tennis,movies,strawberry,0,0,200,40,0,No,0,No,45,50,Yes,India,NZ.Resident
male,19,brown,0,No,0,No,No,9,21,14,4,Yes,soccer,meet.friends,banana,260,174,40,20,0,No,20,Yes,30,30,Yes,Zimbabwe,NZ.Citizen
male,20,green,0,No,0,No,No,7,19,4,1,Yes,tennis,live.mod.music,peach,170,0,20,90,0,No,5,Yes,55,48,Yes,NZ,NZ.Citizen
male,19,brown,0,No,0,No,No,9,4,9,1,Yes,basketball,comp.vid.games,strawberry,160,0,10,20,0,No,5,Yes,8,8,Yes,NZ,NZ.Citizen
male,19,brown,0,No,0,No,Yes,7,35,2,2,Yes,soccer,meet.friends,other,60,0,10,15,0,No,0,No,20,20,Yes,SKorea,NZ.Citizen
male,20,blue,0,No,0,No,No,9,25,20,1,Yes,hockey,craft.activities,strawberry,70,0,15,20,0,No,20,Yes,4,5,Yes,England,NZ.Citizen
male,20,brown,0,No,0,No,Yes,8,40,0,1,Yes,other,other,none,900,200,50,20,0,No,5,Yes,10,5,Yes,China,NZ.Citizen
female,20,brown,0,No,0,No,Yes,7,15,5,2,Yes,badminton,other,strawberry,280,0,20,25,0,No,0,No,20,20,Yes,China,International
female,27,other,0,No,0,No,Yes,9,20,20,1,Yes,table.tennis,movies,other,200,160,10,25,0,No,0,No,0,0,No,China,NZ.Resident
male,20,brown,0,No,0,No,Yes,7,10,6,6,Yes,soccer,meet.friends,grapes,600,110,200,10,0,No,20,Yes,75,75,Yes,NZ,NZ.Citizen
female,18,other,0,No,0,No,Yes,8,35,7,2,Yes,none,meet.friends,kiwifruit,300,167,100,30,0,No,0,No,30,28,Yes,China,International
male,20,brown,0,No,0,No,No,8,4,6,1,Yes,table.tennis,comp.vid.games,none,200,100,50,15,0,No,0,No,10,10,Yes,NZ,NZ.Citizen
female,23,brown,2,Yes,0,No,Yes,8,30,0,9,Yes,other,read.books,strawberry,250,175,100,50,0,No,5,Yes,10,10,Yes,China,International
female,20,brown,3,Yes,0,No,Yes,7,40,35,12,Yes,rugby.league,meet.friends,other,100,0,100,0,0,No,0,No,3,5,Yes,NZ,NZ.Citizen
female,37,brown,4,Yes,1,Yes,No,6,30,10,0,No,other,other,strawberry,389,115,20,30,0,No,0,No,5,5,Yes,NZ,NZ.Citizen
female,19,brown,0,No,0,No,Yes,6,25,2,1,Yes,badminton,craft.activities,melon,266,0,50,50,0,No,0,No,100,100,Yes,China,NZ.Citizen
male,21,brown,0,No,0,No,Yes,9,0,0,1,Yes,martial.arts,comp.vid.games,peach,300,100,0,12,0,No,0,No,3,3,Yes,NZ,NZ.Citizen
female,20,green,2,Yes,0,No,No,8,1,5,2,Yes,cycling,meet.friends,strawberry,230,0,50,70,0,No,5,Yes,50,50,Yes,NZ,NZ.Citizen
male,21,other,5,Yes,0,No,No,5,20,1,3,Yes,soccer,read.books,apple,315,190,20,15,0,No,0,No,6,6,Yes,Malaysia,International
female,20,hazel,0,No,0,No,Yes,8,70,5,1,Yes,table.tennis,read.books,kiwifruit,200,180,20,0,0,No,0,No,0,5,Yes,China,International
male,19,brown,0,No,0,No,No,7,8,1,0,No,hockey,surf.web,strawberry,200,0,20,0,0,No,0,No,10,10,Yes,India,NZ.Resident
female,20,brown,5,Yes,0,No,Yes,9,2,1,3,Yes,badminton,meet.friends,grapes,250,150,30,50,0,No,5,Yes,80,100,Yes,China,NZ.Citizen
male,18,brown,0,No,0,No,No,8,20,15,3,Yes,cricket,watch.sport,apple,20,0,0,10,0,No,0,No,5,5,Yes,NZ,NZ.Citizen
female,21,brown,0,No,0,No,Yes,6,30,3,0,No,other,read.books,peach,300,100,100,20,0,No,0,No,20,20,Yes,Indonesia,International
female,24,brown,1,Yes,0,No,No,7,20,25,1,Yes,none,movies,raspberry,160,0,50,20,0,No,0,No,30,20,Yes,Tonga,NZ.Resident
male,20,brown,0,No,0,No,No,8,12,3,2,Yes,other,meet.friends,strawberry,230,0,100,42,0,No,25,Yes,50,50,Yes,NZ,NZ.Citizen
male,18,blue,0,No,0,No,No,9,10,20,0,No,rugby.union,meet.friends,peach,200,0,10,20,0,No,20,Yes,5,5,Yes,NZ,NZ.Citizen
female,24,brown,2,Yes,0,No,No,5,20,2,2,Yes,soccer,meet.friends,peach,60,680,50,50,0,No,0,No,20,30,Yes,SKorea,International
female,21,brown,2,Yes,0,No,No,7,20,7,0,No,netball,surf.web,orange,6000,300,300,25,0,No,0,No,50,50,Yes,Malaysia,International
male,20,brown,0,No,0,No,No,6,25,5,2,Yes,soccer,comp.vid.games,other,230,120,20,20,0,No,4,Yes,25,25,Yes,SKorea,NZ.Resident
female,19,brown,0,No,0,No,Yes,10,3,0,5,Yes,other,comp.vid.games,orange,100,50,0,0,0,No,0,No,1,1,Yes,China,NZ.Citizen
male,19,hazel,0,No,0,No,No,8,5,18,7,Yes,soccer,watch.sport,orange,100,0,0,15,0,No,10,Yes,50,50,Yes,NZ,NZ.Citizen
male,20,brown,0,No,0,No,Yes,8,5,10,3,Yes,soccer,comp.vid.games,orange,340,180,400,20,0,No,0,No,50,50,Yes,Malaysia,NZ.Resident
female,21,brown,3,Yes,0,No,No,6,6,6,1,Yes,rugby.league,read.books,banana,160,0,40,0,0,No,0,No,100,127,Yes,NZ,NZ.Citizen
male,19,brown,0,No,0,No,Yes,6,10,40,3,Yes,cycling,movies,peach,125,0,300,50,0,No,100,Yes,30,20,Yes,NZ,NZ.Citizen
female,20,brown,2,Yes,0,No,Yes,7,14,0,1,Yes,badminton,surf.web,other,210,0,150,25,0,No,0,No,50,50,Yes,Malaysia,NZ.Resident
female,19,green,2,Yes,0,No,Yes,6,10,2,2,Yes,athletics,craft.activities,melon,230,0,50,80,0,No,0,No,30,35,Yes,Iraq,NZ.Citizen
female,33,brown,2,Yes,0,No,No,8,35,4,0,No,rugby.league,meet.friends,other,250,120,0,0,24,Yes,0,No,120,127,Yes,NZ,NZ.Citizen
male,22,blue,0,No,0,No,No,7,12,2,6,Yes,athletics,comp.vid.games,peach,1200,125,40,15,0,No,0,No,0,0,No,NZ,NZ.Citizen
male,46,green,0,No,0,No,Yes,8,10,14,4,Yes,rugby.union,meet.friends,banana,875,185,100,0,0,No,25,Yes,1,1,Yes,SAfrica,NZ.Citizen
male,24,other,0,No,0,No,Yes,7,12,5,1,Yes,soccer,watch.sport,apple,360,80,100,20,50,Yes,0,No,3,2,Yes,UAE,NZ.Citizen
female,27,brown,9,Yes,0,No,Yes,5,30,10,12,Yes,soccer,live.mod.music,strawberry,500,280,500,75,0,No,20,Yes,10,20,Yes,China,NZ.Citizen
male,24,brown,0,No,0,No,Yes,8,4,2,2,Yes,rugby.union,parties,other,0,160,0,20,0,No,10,Yes,10,10,Yes,Japan,International
female,20,brown,0,No,0,No,No,8,10,2,2,Yes,badminton,other,banana,126,0,100,30,0,No,0,No,50,50,Yes,SKorea,NZ.Resident
female,20,hazel,2,Yes,0,No,Yes,8,4,1,8,Yes,soccer,parties,raspberry,20,0,20,0,0,No,20,Yes,20,20,Yes,NZ,NZ.Citizen
female,20,other,6,Yes,0,No,Yes,7,40,0,2,Yes,other,meet.friends,other,250,185,20,15,0,No,0,No,7,7,Yes,China,International
male,19,brown,0,No,0,No,Yes,8,7,0,2,Yes,table.tennis,parties,banana,0,150,100,15,0,No,0,No,50,50,Yes,China,International
male,19,green,0,No,0,No,No,9,6,4,3,Yes,other,comp.vid.games,strawberry,45,0,40,26,0,No,5,Yes,5,6,Yes,NZ,NZ.Citizen
female,28,other,2,Yes,0,No,No,7,30,5,0,No,sailing,meet.friends,orange,250,250,50,50,0,No,0,No,5,5,Yes,China,International
female,21,brown,2,Yes,1,Yes,No,8,4,21,2,Yes,basketball,other,strawberry,300,150,20,30,0,No,5,Yes,60,60,Yes,Malaysia,International
male,22,other,0,No,0,No,Yes,8,40,2,0,No,other,comp.vid.games,orange,400,230,0,30,0,No,10,Yes,0,0,No,China,International
female,20,brown,2,Yes,0,No,Yes,5,13,2,1,Yes,soccer,meet.friends,other,310,140,50,0,0,No,10,Yes,10,10,Yes,NZ,NZ.Citizen
male,24,brown,1,Yes,0,No,Yes,9,15,20,3,Yes,cricket,parties,grapes,300,0,250,19,0,No,50,Yes,100,127,Yes,SriLanka,NZ.Citizen
male,23,brown,0,No,0,No,No,7,4,10,3,Yes,basketball,movies,other,0,100,0,35,0,No,0,No,10,10,Yes,HK,NZ.Citizen
female,20,green,4,Yes,1,Yes,Yes,9,10,15,2,Yes,badminton,live.mod.music,strawberry,300,130,250,50,5,Yes,5,Yes,10,10,Yes,England,NZ.Citizen
female,34,blue,2,Yes,0,No,No,8,12,16,0,No,tennis,other,other,2000,400,100,70,0,No,10,Yes,10,10,Yes,NZ,NZ.Citizen
female,35,brown,2,Yes,0,No,No,6,40,5,0,No,none,surf.web,strawberry,500,0,50,10,0,No,0,No,5,5,Yes,SKorea,NZ.Citizen
female,20,brown,5,Yes,0,No,No,9,0,15,1,Yes,basketball,movies,melon,150,0,150,10,0,No,0,No,22,10,Yes,China,NZ.Citizen
female,21,brown,3,Yes,0,No,No,8,21,21,3,Yes,badminton,meet.friends,other,250,160,200,20,0,No,0,No,10,10,Yes,China,International
female,21,brown,0,No,0,No,Yes,7,30,4,4,Yes,tennis,comp.vid.games,melon,153,0,50,25,0,No,0,No,20,20,Yes,China,NZ.Citizen
female,22,brown,0,No,0,No,Yes,7,20,1,0,No,badminton,surf.web,strawberry,300,160,100,5,0,No,0,No,20,18,Yes,China,International
female,21,brown,0,No,0,No,No,6,50,0,0,No,cycling,surf.web,none,0,193,30,0,0,No,0,No,10,10,Yes,Malaysia,International
female,23,blue,0,No,0,No,Yes,8,35,1,6,Yes,other,read.books,apple,450,198,50,40,0,No,5,Yes,1,1,Yes,Germany,International
female,21,other,2,Yes,0,No,No,6,20,10,0,No,badminton,surf.web,grapes,300,193,50,0,0,No,0,No,20,10,Yes,Malaysia,International
male,19,other,0,No,0,No,No,12,12,14,1,Yes,other,other,strawberry,275,215,10,65,0,No,20,Yes,89,100,Yes,NZ,NZ.Citizen
female,22,brown,0,No,0,No,No,8,15,3,1,Yes,rugby.union,surf.web,banana,201,100,0,0,0,No,0,No,20,25,Yes,NZ,NZ.Citizen
female,20,brown,4,Yes,0,No,Yes,9,6,10,1,Yes,soccer,meet.friends,grapes,330,260,70,30,0,No,0,No,25,20,Yes,Malaysia,NZ.Citizen
female,20,brown,0,No,0,No,Yes,9,30,20,2,Yes,none,meet.friends,apple,400,198,150,230,0,No,10,Yes,50,50,Yes,NZ,NZ.Citizen
male,20,brown,0,No,0,No,Yes,8,15,0,3,Yes,basketball,meet.friends,none,144,0,50,38,0,No,20,Yes,100,127,Yes,China,NZ.Citizen
male,19,brown,0,No,0,No,No,9,18,7,1,Yes,soccer,meet.friends,kiwifruit,0,0,0,10,0,No,0,No,2,2,Yes,India,NZ.Citizen
male,22,brown,0,No,0,No,Yes,7,10,0,2,Yes,cricket,read.books,apple,200,150,4,10,0,No,5,Yes,3,4,Yes,US,NZ.Citizen
female,21,brown,0,No,0,No,No,7,10,3,1,Yes,golf,live.mod.music,orange,350,230,100,30,0,No,0,No,100,100,Yes,SKorea,International
male,20,brown,0,No,0,No,Yes,6,2,0,10,Yes,table.tennis,surf.web,apple,300,195,15,15,0,No,0,No,20,20,Yes,Malaysia,International
female,33,blue,2,Yes,0,No,No,7,50,2,3,Yes,tennis,meet.friends,strawberry,325,100,40,60,0,No,2,Yes,2,2,Yes,NZ,NZ.Citizen
male,18,other,0,No,0,No,Yes,12,3,0,3,Yes,soccer,comp.vid.games,peach,129,0,50,25,0,No,20,Yes,100,100,Yes,SKorea,NZ.Citizen
female,20,brown,1,Yes,0,No,Yes,9,8,1,2,Yes,athletics,meet.friends,other,240,0,150,35,0,No,20,Yes,60,60,Yes,SKorea,NZ.Citizen
female,21,brown,2,Yes,0,No,No,12,30,21,0,No,netball,surf.web,kiwifruit,315,205,50,0,0,No,0,No,5,10,Yes,Malaysia,International
female,20,brown,2,Yes,0,No,Yes,7,3,6,0,No,badminton,surf.web,melon,70,0,40,30,0,No,0,No,10,10,Yes,Malaysia,NZ.Resident
female,21,other,0,No,0,No,Yes,7,12,2,0,No,badminton,movies,strawberry,300,180,10,0,0,No,0,No,15,15,Yes,Malaysia,International
male,29,brown,1,Yes,0,No,Yes,7,6,2,10,Yes,basketball,surf.web,banana,190,0,150,25,0,No,30,Yes,15,15,Yes,SKorea,NZ.Citizen
male,22,brown,0,No,0,No,Yes,10,3,2,3,Yes,basketball,comp.vid.games,strawberry,130,0,0,5,0,No,0,No,5,5,Yes,China,NZ.Citizen
male,24,brown,0,No,0,No,Yes,8,3,2,2,Yes,badminton,surf.web,melon,201,140,0,0,0,No,0,No,5,5,Yes,China,NZ.Resident
female,21,blue,14,Yes,3,Yes,Yes,7,15,20,6,Yes,soccer,other,banana,250,0,50,120,0,No,30,Yes,5,5,Yes,NZ,NZ.Citizen
male,18,brown,0,No,0,No,Yes,7,3,10,0,No,rugby.union,comp.vid.games,banana,129,0,30,0,0,No,0,No,25,20,Yes,India,NZ.Resident
male,19,brown,0,No,0,No,No,10,7,0,1,Yes,basketball,comp.vid.games,grapes,300,180,0,10,0,No,20,Yes,20,20,Yes,NZ,NZ.Citizen
male,18,brown,0,No,0,No,No,7,6,1,4,Yes,badminton,comp.vid.games,other,80,0,0,20,0,No,20,Yes,0,20,Yes,HK,NZ.Citizen
male,18,blue,0,No,0,No,No,7,20,6,3,Yes,rugby.union,watch.sport,apple,200,0,50,25,0,No,100,Yes,30,30,Yes,NZ,NZ.Citizen
female,18,blue,0,No,0,No,No,7,21,3,6,Yes,soccer,parties,apple,160,308,200,200,0,No,60,Yes,20,20,Yes,England,NZ.Resident
female,27,brown,0,No,2,Yes,Yes,7,30,3,3,Yes,other,live.mod.music,strawberry,450,250,100,20,0,No,20,Yes,20,20,Yes,China,NZ.Citizen
male,18,blue,0,No,0,No,No,8,34,4,2,Yes,cycling,comp.vid.games,peach,120,80,0,0,0,No,0,No,20,10,Yes,NZ,NZ.Citizen
female,21,other,0,No,0,No,Yes,8,10,1,0,No,badminton,meet.friends,kiwifruit,315,193,10,0,0,No,0,No,15,7,Yes,Malaysia,International
male,19,brown,0,No,0,No,Yes,7,10,4,10,Yes,soccer,surf.web,strawberry,300,195,20,20,0,No,0,No,5,5,Yes,Fiji,NZ.Resident
female,24,other,0,No,0,No,Yes,8,4,5,0,No,other,read.books,melon,5000,170,30,25,0,No,0,No,2,2,Yes,Malaysia,International
female,27,blue,0,No,0,No,No,6,35,5,2,Yes,golf,meet.friends,grapes,374,170,20,60,0,No,40,Yes,10,10,Yes,NZ,NZ.Citizen
female,20,brown,5,Yes,0,No,Yes,7,20,10,1,Yes,rugby.union,other,other,160,0,0,35,0,No,10,Yes,50,60,Yes,SriLanka,NZ.Citizen
female,20,brown,0,No,0,No,Yes,8,7,5,6,Yes,soccer,meet.friends,other,200,0,200,30,0,No,0,No,20,20,Yes,SKorea,NZ.Resident
male,22,green,0,No,0,No,Yes,6,10,5,5,Yes,soccer,watch.sport,peach,380,20,100,15,0,No,20,Yes,80,80,Yes,NZ,NZ.Citizen
male,20,brown,0,No,0,No,Yes,6,3,2,3,Yes,basketball,comp.vid.games,orange,0,0,0,20,0,No,0,No,50,50,Yes,Bahamas,NZ.Citizen
female,20,brown,2,Yes,1,Yes,Yes,9,10,1,4,Yes,badminton,meet.friends,other,0,100,100,30,10,Yes,0,No,30,30,Yes,China,International
male,23,other,0,No,0,No,Yes,10,20,6,0,No,other,watch.sport,melon,120,100,45,10,0,No,0,No,24,14,Yes,China,NZ.Resident
female,21,brown,2,Yes,0,No,Yes,7,12,4,4,Yes,none,movies,banana,150,0,40,10,0,No,0,No,10,10,Yes,Philippines,NZ.Citizen
female,21,brown,2,Yes,0,No,Yes,8,10,0,2,Yes,soccer,movies,peach,400,192,100,30,0,No,0,No,100,100,Yes,SKorea,NZ.Resident
female,20,brown,5,Yes,0,No,Yes,8,30,0,3,Yes,tennis,read.books,orange,300,200,40,30,0,No,0,No,30,40,Yes,SKorea,NZ.Resident
male,19,green,0,No,0,No,No,8,6,5,1,Yes,rugby.league,comp.vid.games,strawberry,0,0,0,0,0,No,0,No,10,10,Yes,NZ,NZ.Citizen
female,19,brown,2,Yes,0,No,Yes,7,15,8,3,Yes,other,meet.friends,melon,113,0,50,15,0,No,0,No,60,50,Yes,Malaysia,NZ.Resident
female,42,hazel,0,No,0,No,No,8,12,3,0,No,other,meet.friends,apricot,300,100,100,200,0,No,5,Yes,2,2,Yes,NZ,NZ.Citizen
male,28,blue,0,No,0,No,No,8,0,0,2,Yes,other,comp.vid.games,other,234,166,0,0,0,No,4,Yes,0,0,No,NZ,NZ.Citizen
female,20,green,2,Yes,0,No,No,9,5,20,10,Yes,tennis,movies,other,60,0,20,0,0,No,10,Yes,20,20,Yes,NZ,NZ.Resident
male,19,hazel,0,No,0,No,Yes,9,3,8,4,Yes,basketball,watch.sport,melon,0,0,120,18,0,No,0,No,100,100,Yes,HK,NZ.Citizen
female,20,brown,2,Yes,0,No,Yes,7,10,6,3,Yes,soccer,meet.friends,peach,130,0,100,20,0,No,0,No,15,15,Yes,Qatar,NZ.Citizen
female,32,blue,0,No,0,No,Yes,5,15,0,1,Yes,other,orchestra,strawberry,0,320,80,40,0,No,0,No,4,4,Yes,Czech.Republic,International
female,23,brown,7,Yes,2,Yes,Yes,6,5,2,1,Yes,hockey,parties,orange,750,100,200,80,0,No,50,Yes,20,20,Yes,NZ,NZ.Citizen
female,22,other,1,Yes,0,No,Yes,7,65,14,6,Yes,soccer,live.mod.music,peach,500,350,200,30,0,No,0,No,10,15,Yes,SKorea,International
male,20,blue,0,No,0,No,Yes,7,16,7,10,Yes,hockey,meet.friends,grapes,163,170,40,30,0,No,30,Yes,20,20,Yes,NZ,NZ.Citizen
male,21,brown,0,No,0,No,No,8,20,2,5,Yes,tennis,meet.friends,blueberry,400,100,50,35,0,No,40,Yes,10,10,Yes,Russia,NZ.Citizen
female,22,other,2,Yes,0,No,Yes,8,30,3,6,Yes,cycling,meet.friends,peach,375,185,20,0,0,No,0,No,6,8,Yes,Oman,International
male,19,other,10,Yes,0,No,Yes,8,39,8,1,Yes,golf,meet.friends,grapes,60,0,10,15,0,No,0,No,5,6,Yes,China,International
male,19,green,0,No,0,No,No,7,23,3,3,Yes,martial.arts,orchestra,strawberry,70,0,100,70,0,No,0,No,60,55,Yes,NZ,NZ.Citizen
male,22,brown,0,No,0,No,Yes,9,4,1,1,Yes,soccer,comp.vid.games,melon,100,0,20,0,20,Yes,20,Yes,5,5,Yes,NZ,NZ.Citizen
female,20,green,2,Yes,0,No,No,8,20,15,1,Yes,soccer,meet.friends,strawberry,250,140,100,40,0,No,10,Yes,10,10,Yes,NZ,NZ.Citizen
female,19,brown,0,No,0,No,Yes,7,10,0,4,Yes,soccer,meet.friends,banana,100,350,50,10,0,No,0,No,60,45,Yes,NZ,NZ.Resident
female,29,other,3,Yes,0,No,No,5,4,9,0,No,none,read.books,orange,700,225,100,50,0,No,10,Yes,5,5,Yes,India,NZ.Resident
male,18,brown,0,No,0,No,No,9,10,1,1,Yes,athletics,comp.vid.games,other,220,0,0,0,0,No,0,No,20,20,Yes,NZ,NZ.Citizen
male,19,brown,0,No,0,No,Yes,8,2,10,2,Yes,badminton,movies,strawberry,150,0,20,0,0,No,0,No,10,10,Yes,HK,NZ.Citizen
female,20,hazel,9,Yes,0,No,No,7,55,8,0,No,soccer,parties,peach,150,0,180,30,0,No,0,No,20,20,Yes,China,NZ.Citizen
male,18,brown,0,No,0,No,Yes,9,6,0,2,Yes,basketball,comp.vid.games,none,200,160,100,40,30,Yes,0,No,20,20,Yes,Taiwan,NZ.Resident
male,22,brown,1,Yes,0,No,No,6,11,0,3,Yes,other,comp.vid.games,other,160,50,50,0,0,No,0,No,15,14,Yes,NZ,NZ.Citizen
female,21,blue,2,Yes,0,No,No,8,25,10,6,Yes,soccer,theatre,melon,150,0,200,50,0,No,15,Yes,50,50,Yes,NZ,NZ.Citizen
male,20,hazel,0,No,0,No,No,9,20,5,2,Yes,cricket,meet.friends,raspberry,200,130,20,15,0,No,40,Yes,20,20,Yes,England,NZ.Citizen
male,18,brown,3,Yes,0,No,Yes,9,65,7,3,Yes,soccer,meet.friends,banana,250,100,350,15,0,No,0,No,30,30,Yes,VietNam,International
male,18,brown,2,Yes,0,No,Yes,8,45,2,1,Yes,tennis,other,kiwifruit,0,305,0,10,0,No,0,No,10,10,Yes,China,NZ.Resident
male,22,hazel,0,No,0,No,Yes,4,20,0,2,Yes,tennis,opera,orange,200,193,80,30,0,No,40,Yes,70,70,Yes,SKorea,International
female,20,brown,2,Yes,0,No,Yes,7,10,4,1,Yes,rugby.union,meet.friends,strawberry,250,190,60,20,0,No,15,Yes,20,20,Yes,NZ,NZ.Resident
female,19,brown,0,No,0,No,Yes,9,5,35,1,Yes,soccer,other,strawberry,122,0,20,25,0,No,0,No,10,10,Yes,India,NZ.Citizen
male,20,brown,0,No,0,No,Yes,8,5,0,0,No,basketball,comp.vid.games,kiwifruit,100,200,0,20,0,No,20,Yes,15,20,Yes,China,NZ.Resident
female,19,brown,0,No,0,No,Yes,6,3,0,0,No,basketball,comp.vid.games,melon,500,230,400,0,0,No,0,No,20,30,Yes,China,NZ.Resident
female,20,brown,2,Yes,0,No,Yes,8,21,7,4,Yes,basketball,movies,strawberry,130,65,100,15,0,No,0,No,10,12,Yes,Oman,NZ.Citizen
male,53,blue,0,No,0,No,Yes,6,80,35,0,No,rugby.union,watch.sport,banana,300,160,0,18,0,No,25,Yes,0,0,No,NZ,NZ.Citizen
female,19,brown,4,Yes,0,No,No,8,6,6,20,Yes,other,comp.vid.games,other,250,0,600,50,0,No,0,No,70,70,Yes,Indonesia,NZ.Citizen
male,21,other,0,No,0,No,No,8,10,0,0,No,other,other,apple,0,250,20,10,0,No,0,No,20,20,Yes,Canada,NZ.Citizen
male,42,hazel,0,No,0,No,No,7,30,8,3,Yes,soccer,movies,banana,250,180,40,25,0,No,35,Yes,5,5,Yes,NZ,NZ.Citizen
male,19,brown,0,No,0,No,Yes,8,42,0,2,Yes,badminton,movies,melon,0,138,40,20,0,No,0,No,20,6,Yes,China,International
male,22,brown,0,No,1,Yes,No,8,3,1,0,No,soccer,movies,orange,0,100,10,25,30,Yes,10,Yes,127,127,Yes,NKorea,NZ.Resident
female,20,brown,2,Yes,0,No,Yes,8,10,3,0,No,netball,read.books,raspberry,200,150,200,60,0,No,20,Yes,15,15,Yes,NZ,NZ.Resident
female,20,blue,0,No,0,No,No,8,10,4,4,Yes,other,meet.friends,blueberry,500,0,40,80,0,No,10,Yes,15,15,Yes,NZ,NZ.Citizen
male,20,brown,0,No,0,No,Yes,8,8,8,10,Yes,basketball,comp.vid.games,banana,160,75,15,10,0,No,0,No,30,30,Yes,Philippines,NZ.Resident
female,19,brown,2,Yes,0,No,Yes,8,8,10,5,Yes,badminton,parties,other,150,0,30,25,0,No,0,No,30,30,Yes,China,NZ.Citizen
female,19,blue,2,Yes,0,No,No,8,40,8,1,Yes,tennis,theatre,peach,50,0,50,0,0,No,0,No,2,2,Yes,NZ,NZ.Citizen
female,19,brown,2,Yes,0,No,Yes,10,4,24,2,Yes,tennis,movies,other,130,0,80,20,0,No,0,No,20,25,Yes,NZ,NZ.Citizen
female,21,other,2,Yes,0,No,Yes,5,4,2,5,Yes,softball,other,banana,50,190,70,0,0,No,0,No,15,20,Yes,Malaysia,International
male,23,brown,0,No,0,No,Yes,7,30,5,6,Yes,soccer,movies,kiwifruit,200,150,50,25,0,No,20,Yes,50,50,Yes,SKorea,NZ.Resident
female,24,brown,0,No,0,No,Yes,8,35,8,1,Yes,badminton,meet.friends,apple,360,0,10,10,0,No,0,No,1,1,Yes,China,NZ.Citizen
male,20,brown,2,Yes,0,No,Yes,8,10,5,6,Yes,soccer,comp.vid.games,apricot,160,150,100,30,0,No,50,Yes,20,20,Yes,SKorea,NZ.Citizen
male,27,brown,0,No,0,No,No,6,25,0,5,Yes,soccer,comp.vid.games,strawberry,500,160,100,0,11,Yes,40,Yes,20,25,Yes,SKorea,International
male,22,brown,2,Yes,1,Yes,Yes,10,7,7,5,Yes,soccer,comp.vid.games,strawberry,300,150,300,100,40,Yes,0,No,10,10,Yes,China,International
female,25,brown,2,Yes,0,No,No,6,14,8,5,Yes,netball,movies,grapes,200,100,20,0,0,No,0,No,100,100,Yes,Tonga,NZ.Resident
male,19,hazel,0,No,0,No,No,6,6,1,3,Yes,martial.arts,comp.vid.games,kiwifruit,180,0,150,20,30,Yes,0,No,100,100,Yes,NZ,NZ.Citizen
male,23,brown,0,No,0,No,No,6,5,10,4,Yes,soccer,comp.vid.games,other,90,0,30,10,0,No,10,Yes,10,20,Yes,HK,NZ.Citizen
female,21,brown,2,Yes,0,No,Yes,4,2,5,1,Yes,soccer,read.books,raspberry,0,0,100,60,0,No,10,Yes,80,80,Yes,NZ,NZ.Resident
male,21,brown,0,No,0,No,No,8,2,12,2,Yes,rugby.union,watch.sport,strawberry,0,0,0,12,0,No,0,No,90,80,Yes,India,NZ.Citizen
female,21,brown,2,Yes,0,No,Yes,8,25,7,6,Yes,badminton,movies,melon,200,100,50,20,0,No,0,No,20,15,Yes,VietNam,NZ.Citizen
male,26,brown,10,Yes,0,No,Yes,8,8,0,5,Yes,none,comp.vid.games,grapes,240,290,300,35,0,No,50,Yes,1,3,Yes,China,NZ.Citizen
male,22,brown,0,No,3,Yes,Yes,6,10,10,5,Yes,rugby.union,meet.friends,strawberry,25000,0,1000,180,150,Yes,200,Yes,25,25,Yes,NZ,NZ.Citizen
male,20,brown,0,No,0,No,Yes,7,20,1,1,Yes,basketball,meet.friends,apple,85,0,200,15,0,No,10,Yes,50,50,Yes,SAfrica,NZ.Citizen
male,22,other,0,No,0,No,No,8,5,10,2,Yes,badminton,parties,kiwifruit,200,0,150,20,30,Yes,30,Yes,10,10,Yes,UAE,NZ.Resident
female,19,brown,10,Yes,0,No,Yes,7,30,1,5,Yes,badminton,surf.web,kiwifruit,400,210,50,30,0,No,0,No,50,50,Yes,China,International
female,21,brown,4,Yes,0,No,No,8,10,16,3,Yes,soccer,movies,strawberry,190,0,200,20,0,No,0,No,50,50,Yes,India,NZ.Citizen
male,22,blue,0,No,0,No,Yes,7,6,0,3,Yes,basketball,meet.friends,other,0,0,0,15,0,No,75,Yes,10,10,Yes,US,International
male,19,blue,0,No,0,No,No,7,15,2,2,Yes,soccer,meet.friends,grapes,130,0,10,25,0,No,20,Yes,20,23,Yes,SAfrica,NZ.Citizen
male,25,green,1,Yes,0,No,Yes,10,5,10,3,Yes,rugby.league,read.books,other,250,158,0,0,0,No,0,No,2,5,Yes,NZ,NZ.Citizen
male,23,blue,0,No,0,No,Yes,6,5,35,0,No,soccer,watch.sport,grapes,600,120,30,0,0,No,200,Yes,5,5,Yes,NZ,NZ.Citizen
female,19,brown,0,No,0,No,No,8,9,12,1,Yes,badminton,surf.web,peach,126,0,30,30,0,No,0,No,40,40,Yes,NZ,NZ.Citizen
male,21,blue,0,No,0,No,No,7,8,6,0,No,rugby.union,meet.friends,apple,50,0,0,50,0,No,20,Yes,6,6,Yes,NZ,NZ.Citizen
male,19,green,0,No,0,No,No,7,5,1,5,Yes,rugby.union,comp.vid.games,apple,100,0,0,40,0,No,20,Yes,15,15,Yes,Zimbabwe,NZ.Resident
female,19,other,0,No,0,No,No,7,42,10,1,Yes,other,meet.friends,kiwifruit,100,0,50,15,0,No,0,No,30,40,Yes,China,International
female,19,brown,2,Yes,0,No,Yes,8,10,3,1,Yes,badminton,meet.friends,strawberry,150,0,100,60,0,No,0,No,20,10,Yes,Thailand,NZ.Resident
female,20,other,0,No,0,No,No,7,5,3,1,Yes,badminton,watch.sport,kiwifruit,330,150,200,50,0,No,0,No,20,20,Yes,Malaysia,International
female,20,other,0,No,0,No,Yes,5,5,1,0,No,other,surf.web,grapes,312,150,100,0,0,No,0,No,5,5,Yes,Malaysia,International
female,18,brown,2,Yes,0,No,Yes,6,5,4,3,Yes,netball,parties,strawberry,200,0,50,150,0,No,20,Yes,20,20,Yes,NZ,NZ.Citizen
female,19,brown,5,Yes,0,No,Yes,8,2,1,3,Yes,none,live.mod.music,melon,200,80,20,35,0,No,10,Yes,40,50,Yes,China,NZ.Citizen
female,20,brown,4,Yes,0,No,No,7,2,10,0,No,none,meet.friends,peach,130,0,200,50,0,No,5,Yes,50,50,Yes,Thailand,NZ.Citizen
male,19,brown,0,No,0,No,No,7,6,0,5,Yes,badminton,meet.friends,blueberry,130,0,50,20,0,No,0,No,20,20,Yes,NZ,NZ.Citizen
male,19,other,0,No,0,No,No,8,20,0,0,No,none,comp.vid.games,banana,1260,193,0,15,0,No,0,No,1,1,Yes,Malaysia,International
female,22,brown,0,No,0,No,Yes,8,5,10,5,Yes,none,meet.friends,strawberry,0,0,50,30,0,No,0,No,30,10,Yes,China,NZ.Resident
male,19,brown,0,No,0,No,No,8,8,12,7,Yes,cricket,parties,orange,160,0,50,10,0,No,0,No,40,50,Yes,Fiji,NZ.Citizen
male,20,brown,0,No,0,No,Yes,6,2,1,2,Yes,cycling,meet.friends,grapes,201,90,5,15,1,Yes,20,Yes,30,30,Yes,HK,NZ.Citizen
female,25,brown,0,No,0,No,Yes,6,30,7,0,No,none,surf.web,orange,180,110,10,20,0,No,0,No,30,40,Yes,China,International
male,21,other,0,No,0,No,Yes,7,20,0,3,Yes,soccer,movies,melon,200,140,20,25,0,No,0,No,10,15,Yes,Indonesia,NZ.Resident
male,22,brown,1,Yes,0,No,Yes,7,30,6,3,Yes,soccer,watch.sport,orange,100,0,20,20,0,No,10,Yes,20,20,Yes,SKorea,International
male,21,brown,0,No,0,No,Yes,6,0,15,3,Yes,soccer,meet.friends,other,204,0,100,25,0,No,20,Yes,12,12,Yes,Fiji,NZ.Citizen
female,20,blue,2,Yes,0,No,Yes,7,25,14,1,Yes,soccer,surf.web,banana,4000,0,100,15,0,No,0,No,15,15,Yes,Russia,NZ.Citizen
male,19,brown,1,Yes,0,No,No,8,1,0,6,Yes,soccer,comp.vid.games,strawberry,129,0,100,25,0,No,30,Yes,40,14,Yes,SKorea,NZ.Citizen
female,21,blue,1,Yes,0,No,No,8,6,12,4,Yes,netball,meet.friends,other,250,0,400,90,0,No,20,Yes,20,20,Yes,NZ,NZ.Citizen
female,17,brown,0,No,0,No,No,7,2,0,10,Yes,none,meet.friends,melon,130,0,100,0,0,No,0,No,5,10,Yes,China,NZ.Resident
female,19,brown,4,Yes,0,No,Yes,8,5,3,6,Yes,other,surf.web,apricot,350,120,100,35,0,No,0,No,25,30,Yes,India,NZ.Citizen
male,19,blue,0,No,0,No,Yes,8,5,12,1,Yes,cricket,watch.sport,peach,300,110,10,0,0,No,20,Yes,50,60,Yes,NZ,NZ.Citizen
female,19,brown,2,Yes,0,No,Yes,7,35,5,2,Yes,soccer,live.mod.music,banana,190,190,100,25,0,No,20,Yes,50,50,Yes,NZ,NZ.Citizen
female,22,other,2,Yes,0,No,Yes,8,50,5,2,Yes,basketball,comp.vid.games,banana,300,0,500,20,0,No,0,No,20,20,Yes,Philippines,NZ.Resident
male,18,brown,0,No,0,No,No,8,5,1,6,Yes,basketball,live.mod.music,other,230,0,30,25,0,No,15,Yes,10,10,Yes,NZ,NZ.Citizen
female,23,brown,0,No,0,No,Yes,7,40,0,2,Yes,badminton,movies,peach,500,160,100,0,0,No,0,No,3,3,Yes,China,NZ.Resident
male,22,brown,0,No,0,No,No,7,3,0,3,Yes,basketball,movies,banana,0,160,0,30,0,No,10,Yes,30,30,Yes,SKorea,NZ.Citizen
female,19,brown,2,Yes,0,No,No,7,13,9,2,Yes,cricket,meet.friends,blueberry,123,0,15,0,0,No,0,No,10,15,Yes,SriLanka,NZ.Citizen
female,25,brown,3,Yes,0,No,Yes,10,28,0,1,Yes,table.tennis,meet.friends,melon,250,150,200,50,0,No,10,Yes,20,20,Yes,China,NZ.Resident
female,21,brown,2,Yes,0,No,Yes,8,5,2,11,Yes,soccer,meet.friends,raspberry,550,150,200,50,0,No,50,Yes,3,3,Yes,Russia,NZ.Citizen
female,19,brown,2,Yes,0,No,Yes,8,24,8,1,Yes,soccer,meet.friends,grapes,210,0,100,0,0,No,0,No,50,50,Yes,SKorea,NZ.Citizen
male,18,blue,0,No,0,No,No,7,2,2,4,Yes,cricket,comp.vid.games,blueberry,120,0,0,22,0,No,0,No,10,10,Yes,NZ,NZ.Citizen
female,20,brown,0,No,0,No,No,7,3,10,2,Yes,badminton,other,grapes,200,0,30,15,0,No,0,No,20,20,Yes,HK,International
female,21,brown,0,No,0,No,Yes,6,11,24,3,Yes,other,movies,grapes,120,0,20,0,0,No,0,No,40,20,Yes,HK,NZ.Citizen
female,25,hazel,0,No,4,Yes,No,7,30,5,6,Yes,soccer,movies,melon,150,140,100,80,0,No,10,Yes,15,15,Yes,NZ,NZ.Citizen
female,20,brown,2,Yes,0,No,Yes,9,5,14,3,Yes,other,meet.friends,peach,239,0,350,45,0,No,0,No,20,10,Yes,Taiwan,NZ.Resident
male,23,brown,1,Yes,2,Yes,No,8,5,20,3,Yes,rugby.league,comp.vid.games,banana,280,230,20,0,0,No,10,Yes,20,50,Yes,NZ,NZ.Resident
male,33,hazel,0,No,0,No,No,8,20,4,2,Yes,cycling,read.books,apple,350,140,20,0,0,No,0,No,0,0,No,NZ,NZ.Citizen
female,21,brown,2,Yes,0,No,No,7,30,1,5,Yes,other,other,strawberry,160,0,50,25,0,No,0,No,20,20,Yes,NZ,NZ.Citizen
male,20,other,0,No,0,No,Yes,8,2,24,3,Yes,soccer,surf.web,grapes,100,0,300,20,0,No,0,No,15,15,Yes,SKorea,NZ.Resident
female,19,brown,2,Yes,0,No,Yes,8,30,10,2,Yes,tennis,meet.friends,other,130,0,50,30,0,No,0,No,60,70,Yes,China,NZ.Resident
male,26,other,0,No,0,No,No,8,20,10,9,Yes,basketball,live.mod.music,other,200,600,250,30,0,No,20,Yes,1,1,Yes,China,NZ.Resident
male,18,green,0,No,0,No,Yes,7,35,2,0,No,soccer,other,apricot,10,0,0,20,0,No,0,No,1,1,Yes,NZ,NZ.Citizen
female,24,brown,0,No,0,No,Yes,9,4,0,2,Yes,boxing,surf.web,grapes,15,160,20,55,48,Yes,20,Yes,10,20,Yes,Taiwan,International
female,20,brown,2,Yes,0,No,No,8,10,10,5,Yes,badminton,meet.friends,orange,120,0,400,35,0,No,60,Yes,127,127,Yes,SKorea,NZ.Resident
female,22,brown,2,Yes,0,No,Yes,6,4,1,10,Yes,basketball,surf.web,orange,200,0,100,30,0,No,0,No,10,10,Yes,NZ,NZ.Citizen
female,48,blue,5,Yes,0,No,Yes,8,40,10,1,Yes,other,meet.friends,grapes,800,350,30,45,0,No,15,Yes,2,2,Yes,UK,NZ.Citizen
male,19,brown,0,No,0,No,Yes,8,1,90,15,Yes,cricket,parties,banana,203,150,90,20,0,No,30,Yes,60,60,Yes,India,NZ.Citizen
female,20,brown,0,No,0,No,Yes,6,30,5,3,Yes,badminton,parties,strawberry,250,220,150,30,0,No,10,Yes,30,30,Yes,SKorea,NZ.Resident
female,20,brown,2,Yes,0,No,No,6,10,4,10,Yes,tennis,movies,melon,200,250,20,25,0,No,0,No,127,127,Yes,SKorea,NZ.Citizen
female,21,brown,3,Yes,0,No,Yes,7,57,1,0,No,other,movies,strawberry,0,200,50,0,0,No,0,No,20,30,Yes,SKorea,NZ.Resident
female,26,hazel,2,Yes,0,No,Yes,7,5,10,1,Yes,badminton,meet.friends,apricot,200,150,200,35,0,No,0,No,5,10,Yes,China,NZ.Resident
female,23,other,3,Yes,2,Yes,Yes,7,14,5,1,Yes,none,other,orange,0,100,50,50,60,Yes,0,No,0,6,Yes,China,NZ.Resident
female,24,brown,0,No,0,No,Yes,5,6,0,0,No,other,meet.friends,strawberry,500,280,50,50,0,No,0,No,10,10,Yes,China,NZ.Resident
female,20,brown,2,Yes,0,No,Yes,9,5,4,2,Yes,tennis,read.books,grapes,1500,310,10,0,0,No,0,No,5,5,Yes,India,International
male,19,green,0,No,0,No,No,8,10,1,1,Yes,other,other,strawberry,200,167,50,15,0,No,0,No,10,10,Yes,NZ,NZ.Citizen
male,27,brown,0,No,0,No,Yes,8,30,2,0,No,basketball,read.books,orange,235,160,0,15,0,No,0,No,5,5,Yes,China,NZ.Resident
female,23,brown,1,Yes,0,No,Yes,8,30,4,5,Yes,badminton,movies,strawberry,250,200,50,30,0,No,0,No,10,10,Yes,China,International
female,22,brown,2,Yes,0,No,No,8,10,2,3,Yes,cricket,meet.friends,orange,215,100,80,35,0,No,0,No,20,15,Yes,India,NZ.Resident
female,26,blue,2,Yes,0,No,No,5,5,0,0,No,soccer,meet.friends,raspberry,250,140,0,0,14,Yes,10,Yes,40,40,Yes,US,NZ.Citizen
female,21,brown,2,Yes,0,No,Yes,6,32,7,1,Yes,cricket,theatre,strawberry,40,0,30,40,0,No,0,No,30,25,Yes,NZ,NZ.Citizen
male,19,blue,0,No,0,No,No,9,10,10,1,Yes,soccer,live.mod.music,grapes,50,0,30,20,0,No,20,Yes,10,10,Yes,NZ,NZ.Citizen
female,22,brown,6,Yes,0,No,No,8,10,5,15,Yes,martial.arts,meet.friends,other,200,150,100,95,0,No,15,Yes,20,20,Yes,Bangladesh,NZ.Citizen
female,19,brown,0,No,0,No,Yes,8,8,8,0,No,none,comp.vid.games,apple,71,0,0,40,0,No,0,No,10,10,Yes,NZ,NZ.Citizen
male,22,other,2,Yes,0,No,Yes,8,2,0,2,Yes,other,meet.friends,melon,270,135,200,16,0,No,25,Yes,5,5,Yes,China,International
female,22,brown,1,Yes,0,No,Yes,8,2,1,5,Yes,other,meet.friends,other,200,0,100,100,0,No,50,Yes,30,30,Yes,SKorea,NZ.Resident
female,20,green,7,Yes,0,No,Yes,9,15,9,3,Yes,soccer,meet.friends,melon,180,0,100,40,0,No,20,Yes,20,20,Yes,England,NZ.Citizen
female,21,brown,0,No,0,No,Yes,9,35,28,1,Yes,other,other,melon,450,220,50,40,0,No,0,No,13,15,Yes,China,International
male,20,green,0,No,0,No,No,8,5,30,2,Yes,other,movies,melon,100,0,10,10,0,No,20,Yes,10,10,Yes,NZ,NZ.Citizen
male,24,other,0,No,0,No,Yes,8,25,10,8,Yes,basketball,meet.friends,strawberry,400,300,20,20,10,Yes,20,Yes,50,50,Yes,China,International
male,21,other,0,No,0,No,Yes,7,15,3,1,Yes,table.tennis,movies,banana,250,180,150,20,0,No,0,No,50,60,Yes,China,International
male,23,brown,2,Yes,0,No,Yes,8,10,1,0,No,soccer,comp.vid.games,other,200,100,150,15,0,No,25,Yes,20,15,Yes,China,NZ.Citizen
female,21,other,2,Yes,0,No,Yes,9,10,2,5,Yes,other,movies,orange,260,220,200,40,40,Yes,40,Yes,50,50,Yes,SKorea,NZ.Resident
female,20,hazel,6,Yes,0,No,Yes,6,9,6,2,Yes,other,parties,grapes,200,0,60,100,0,No,50,Yes,15,12,Yes,NZ,NZ.Citizen
female,22,green,2,Yes,0,No,No,8,25,2,2,Yes,cycling,craft.activities,raspberry,210,0,200,65,0,No,10,Yes,10,10,Yes,NZ,NZ.Citizen
female,20,blue,3,Yes,1,Yes,No,8,3,10,2,Yes,sailing,parties,melon,125,0,150,45,5,Yes,20,Yes,40,40,Yes,NZ,NZ.Citizen
male,19,other,0,No,0,No,No,7,5,0,0,No,soccer,comp.vid.games,orange,200,100,20,15,0,No,30,Yes,10,10,Yes,China,NZ.Citizen
male,22,other,0,No,0,No,Yes,7,6,2,1,Yes,soccer,comp.vid.games,grapes,250,155,30,12,0,No,0,No,2,4,Yes,Japan,International
female,20,brown,4,Yes,0,No,Yes,8,20,12,16,Yes,cycling,movies,apple,180,200,100,10,0,No,0,No,25,10,Yes,China,International
female,21,brown,0,No,0,No,Yes,7,4,3,0,No,netball,meet.friends,grapes,200,0,150,30,0,No,0,No,50,50,Yes,Fiji,NZ.Resident
female,20,green,2,Yes,0,No,No,8,4,8,2,Yes,other,parties,strawberry,80,160,50,140,0,No,30,Yes,20,20,Yes,NZ,NZ.Citizen
male,18,brown,0,No,0,No,Yes,9,25,0,1,Yes,table.tennis,read.books,melon,230,150,0,0,0,No,0,No,2,3,Yes,China,NZ.Resident
female,25,hazel,2,Yes,0,No,Yes,8,30,20,3,Yes,other,meet.friends,other,150,0,300,45,0,No,0,No,10,10,Yes,China,NZ.Citizen
male,19,green,0,No,0,No,No,8,5,15,0,No,soccer,comp.vid.games,blueberry,160,90,30,20,0,No,0,No,50,50,Yes,Bosnia.Herzegowina,NZ.Citizen
female,20,brown,2,Yes,0,No,No,6,10,3,3,Yes,soccer,movies,other,250,0,100,15,0,No,15,Yes,30,30,Yes,Philippines,NZ.Citizen
female,22,brown,2,Yes,0,No,Yes,10,10,0,3,Yes,badminton,movies,strawberry,8000,150,500,40,0,No,10,Yes,10,10,Yes,China,NZ.Citizen
male,23,brown,0,No,0,No,No,12,5,0,2,Yes,soccer,comp.vid.games,apple,12000,300,400,30,56,Yes,0,No,2,2,Yes,China,NZ.Citizen
male,21,other,0,No,0,No,No,7,5,2,20,Yes,rugby.union,comp.vid.games,apple,370,50,100,20,0,No,0,No,50,50,Yes,NZ,NZ.Citizen
male,21,other,0,No,0,No,Yes,8,4,0,1,Yes,basketball,comp.vid.games,banana,0,100,50,20,20,Yes,0,No,10,10,Yes,China,International
male,20,other,0,No,0,No,No,10,5,10,10,Yes,soccer,watch.sport,strawberry,200,0,50,20,20,Yes,0,No,20,20,Yes,SKorea,NZ.Citizen
male,19,green,0,No,0,No,No,8,3,30,2,Yes,cricket,comp.vid.games,apple,100,0,15,20,0,No,15,Yes,15,20,Yes,NZ,NZ.Resident
male,22,hazel,0,No,0,No,Yes,7,20,0,3,Yes,basketball,comp.vid.games,melon,200,135,100,30,13,Yes,0,No,30,30,Yes,China,International
female,19,hazel,2,Yes,0,No,Yes,8,7,5,2,Yes,basketball,movies,blueberry,200,0,0,15,0,No,0,No,10,10,Yes,China,NZ.Resident
female,23,brown,3,Yes,0,No,Yes,7,20,7,10,Yes,other,meet.friends,orange,200,120,100,30,0,No,0,No,20,20,Yes,SKorea,NZ.Citizen
male,20,brown,0,No,0,No,Yes,9,25,2,3,Yes,golf,other,raspberry,100,170,30,15,0,No,15,Yes,10,10,Yes,US,International
female,20,brown,4,Yes,0,No,No,7,3,1,5,Yes,martial.arts,meet.friends,other,300,20,300,0,0,No,5,Yes,10,20,Yes,Philippines,NZ.Resident
male,18,blue,1,Yes,0,No,No,8,6,1,3,Yes,hockey,live.mod.music,other,200,250,0,0,0,No,5,Yes,15,25,Yes,NZ,NZ.Citizen
male,29,brown,0,No,0,No,No,6,10,16,10,Yes,rugby.league,watch.sport,other,550,330,100,10,0,No,0,No,30,30,Yes,NZ,NZ.Citizen
male,20,brown,0,No,0,No,No,8,8,4,8,Yes,soccer,meet.friends,banana,0,0,50,50,0,No,50,Yes,50,50,Yes,Iran,NZ.Resident
male,26,brown,0,No,0,No,No,8,10,1,2,Yes,golf,other,melon,300,175,100,0,0,No,50,Yes,4,4,Yes,Spain,International
female,19,blue,0,No,0,No,No,8,7,3,4,Yes,soccer,meet.friends,grapes,260,0,250,45,0,No,30,Yes,80,90,Yes,NZ,NZ.Citizen
male,25,brown,0,No,0,No,Yes,7,30,0,6,Yes,table.tennis,comp.vid.games,banana,250,140,100,20,0,No,30,Yes,30,30,Yes,SKorea,International
male,20,brown,0,No,0,No,No,8,10,15,2,Yes,other,comp.vid.games,strawberry,400,190,50,15,0,No,10,Yes,10,10,Yes,SAfrica,NZ.Citizen
male,19,brown,1,Yes,0,No,Yes,9,14,0,2,Yes,table.tennis,comp.vid.games,peach,250,110,200,20,0,No,0,No,50,50,Yes,China,NZ.Resident
female,20,green,2,Yes,0,No,No,9,10,8,8,Yes,none,meet.friends,strawberry,400,215,200,30,0,No,40,Yes,8,12,Yes,NZ,NZ.Citizen
male,24,brown,0,No,0,No,No,9,7,10,2,Yes,soccer,live.mod.music,apple,200,200,0,0,0,No,0,No,10,10,Yes,China,NZ.Citizen
male,19,brown,0,No,0,No,No,5,5,10,1,Yes,basketball,comp.vid.games,melon,200,200,300,45,60,Yes,0,No,20,20,Yes,China,NZ.Citizen
female,21,blue,2,Yes,0,No,No,8,2,8,4,Yes,cricket,meet.friends,kiwifruit,300,0,300,230,0,No,50,Yes,30,40,Yes,NZ,NZ.Citizen
male,19,blue,0,No,0,No,No,7,3,14,2,Yes,soccer,watch.sport,apple,200,50,20,15,0,No,30,Yes,20,20,Yes,NZ,NZ.Citizen
male,24,brown,0,No,0,No,Yes,9,15,1,1,Yes,basketball,comp.vid.games,apple,180,0,50,30,0,No,0,No,10,10,Yes,SKorea,NZ.Citizen
female,20,brown,2,Yes,0,No,No,5,6,15,7,Yes,hockey,movies,banana,150,0,50,30,0,No,0,No,60,50,Yes,India,NZ.Citizen
male,22,brown,0,No,0,No,Yes,7,8,2,3,Yes,tennis,movies,banana,300,200,200,40,20,Yes,60,Yes,50,30,Yes,China,International
